<?xml version="1.0" encoding="utf-8" ?>
<Defs>

  <CultureDef>
    <defName>Thracian</defName>
    <label>Thracian</label>
    <description>An ancient culture common among amazonian tribes.</description>
    <pawnNameMaker>NamerPersonCorunan</pawnNameMaker>
    <ideoNameMaker MayRequire="Ludeon.RimWorld.Ideology">NamerIdeoCorunan</ideoNameMaker>
    <deityNameMaker MayRequire="Ludeon.RimWorld.Ideology">NamerDeityCorunan</deityNameMaker>
    <deityTypeMaker MayRequire="Ludeon.RimWorld.Ideology">Amazon_Namer_Deity</deityTypeMaker>
    <festivalNameMaker MayRequire="Ludeon.RimWorld.Ideology">NamerFestivalCorunan</festivalNameMaker>
    <leaderTitleMaker MayRequire="Ludeon.RimWorld.Ideology">LeaderTitleMaker_Amazon</leaderTitleMaker>
    <allowedPlaceTags>
      <li>OriginTribal</li>
    </allowedPlaceTags>
    <iconPath>World/WorldObjects/Expanding/Village</iconPath>
    <thingStyleCategories>
      <li MayRequire="Ludeon.RimWorld.Ideology">
        <category>Spikecore</category>
        <priority>2</priority>
      </li>
    </thingStyleCategories>
    <styleItemTags>
      <li>
        <tag>Tribal</tag>
        <baseWeight>1</baseWeight>
        <weightFactor>1</weightFactor>
      </li>
      <li>
        <tag>NoBeard</tag>
        <baseWeight>10</baseWeight>
        <weightFactor>1</weightFactor>
      </li>
      <li>
        <tag>BeardTribal</tag>
        <baseWeight>0.3</baseWeight>
        <weightFactor>1</weightFactor>
      </li>
      <li>
        <tag>TattooFaceTribal</tag>
        <baseWeight>0.4</baseWeight>
        <weightFactor>1</weightFactor>
      </li>
      <li>
        <tag>TattooBodyTribal</tag>
        <baseWeight>0.4</baseWeight>
        <weightFactor>1</weightFactor>
      </li>
      <li>
        <tag>NoTattoo</tag>
        <baseWeight>1</baseWeight>
        <weightFactor>1</weightFactor>
      </li>
    </styleItemTags>
  </CultureDef>

  <RulePackDef MayRequire="Ludeon.RimWorld.Ideology">
    <defName>LeaderTitleMaker_Amazon</defName>
    <rulePack>
      <rulesStrings>
        <li>r_leaderTitle->queen</li>
      </rulesStrings>
    </rulePack>
  </RulePackDef>

  <RulePackDef>
    <defName>Amazon_Namer_Deity</defName>
    <include>
      <li MayRequire="Ludeon.RimWorld.Ideology">GlobalUtility</li>
    </include>
    <rulePack>
      <rulesStrings>
        <li>r_deityName->Ares</li>
        <li>r_deityName->Dionysus</li>
        <li>r_deityName->Diana</li>
        <li>r_deityName->Athena</li>
        <li>r_deityName->Aphrodite</li>
      </rulesStrings>
    </rulePack>
  </RulePackDef>
</Defs>
