<?xml version="1.0" encoding="utf-8" ?>
<Defs>

  <PawnKindDef ParentName="AmazonBase">
    <defName>AMA_Royal_Queen</defName>
    <label>queen</label>
    <factionLeader>true</factionLeader>
    <titleRequired>amazon_sister</titleRequired>
    <combatPower>135</combatPower>
    <apparelMoney>9999999</apparelMoney>
    <specificApparelRequirements>
      <li>
        <bodyPartGroup>UpperHead</bodyPartGroup>
        <requiredTag>RoyalTier7</requiredTag>
        <stuff>Gold</stuff>
      </li>
      <li>
        <bodyPartGroup>Torso</bodyPartGroup>
        <apparelLayer>Shell</apparelLayer>
        <requiredTag>RoyalTier6</requiredTag>
        <color>(128, 0, 32)</color>
      </li>
      <li>
        <bodyPartGroup>Torso</bodyPartGroup>
        <apparelLayer>Middle</apparelLayer>
        <requiredTag>RoyalTier5</requiredTag>
        <color>(95, 20, 133)</color>
      </li>
      <li>
        <bodyPartGroup>Torso</bodyPartGroup>
        <apparelLayer>OnSkin</apparelLayer>
        <requiredTag>RoyalTier2</requiredTag>
        <color>(95, 20, 133)</color>
      </li>
      <li>
        <bodyPartGroup>Torso</bodyPartGroup>
        <stuff>Hyperweave</stuff>
      </li>
      <li>
        <bodyPartGroup>Legs</bodyPartGroup>
        <stuff>Hyperweave</stuff>
      </li>
    </specificApparelRequirements>
    <techHediffsChance>1</techHediffsChance>
    <techHediffsMoney>3000~4000</techHediffsMoney>
    <techHediffsMaxAmount>3</techHediffsMaxAmount>
    <initialWillRange>16~19</initialWillRange>
    <initialResistanceRange>38~58</initialResistanceRange>
    <useFactionXenotypes>false</useFactionXenotypes>
    <xenotypeSet>
      <xenotypeChances>
        <Neanderthal MayRequire="Ludeon.RimWorld.Biotech">0.05</Neanderthal>
        <Hussar MayRequire="Ludeon.RimWorld.Biotech">0.05</Hussar>
        <Genie MayRequire="Ludeon.RimWorld.Biotech">0.05</Genie>
        <Sanguophage MayRequire="Ludeon.RimWorld.Biotech">0.25</Sanguophage>
      </xenotypeChances>
    </xenotypeSet>
  </PawnKindDef>
  
  <PawnKindDef Name="AmazonBase" Abstract="True">
    <race>Human</race>
    <defaultFactionType>Amazon</defaultFactionType>
    <maxGenerationAge>30</maxGenerationAge>
    <backstoryCryptosleepCommonality>0.08</backstoryCryptosleepCommonality>
    <backstoryFiltersOverride>
      <li>
        <categories>
          <li>ImperialRoyal</li>
        </categories>
      </li>
    </backstoryFiltersOverride>
    <royalTitleChance>1</royalTitleChance>
    <chemicalAddictionChance>0.05</chemicalAddictionChance>
    <itemQuality>Excellent</itemQuality>
    <combatPower>130</combatPower>
    <weaponMoney>2600~3100</weaponMoney>
    <weaponTags>
      <li>UltratechMelee</li>
      <li>Bladelink</li>
    </weaponTags>
    <apparelAllowHeadgearChance>0.5</apparelAllowHeadgearChance>
    <apparelMoney>1000~1500</apparelMoney>
    <apparelIgnoreSeasons>true</apparelIgnoreSeasons>
    <apparelTags>
      <li>IndustrialBasic</li>
    </apparelTags>
    <apparelDisallowTags>
      <li>Western</li>
    </apparelDisallowTags>
    <specificApparelRequirements>
      <li>
        <bodyPartGroup>Torso</bodyPartGroup>
        <alternateTagChoices>
          <li>
            <tag>Psychic</tag>
            <chance>0.08</chance>
          </li>
        </alternateTagChoices>
      </li>
    </specificApparelRequirements>
    <techHediffsChance>0.15</techHediffsChance>
    <techHediffsMoney>500~1500</techHediffsMoney>
    <techHediffsTags>
      <li>Advanced</li>
      <li>ImplantEmpireRoyal</li>
      <li>ImplantEmpireCommon</li>
    </techHediffsTags>
    <techHediffsDisallowTags>
      <li>PainCauser</li>
    </techHediffsDisallowTags>
    <styleItemTags>
      <li>
        <tag>Royalty</tag>
        <baseWeight>1</baseWeight>
        <weightFactor>1</weightFactor>
      </li>
    </styleItemTags>
    <disallowedTraits>
      <li>Nudist</li>
      <li>BodyPurist</li>
    </disallowedTraits>
  </PawnKindDef>
  
</Defs>
