<?xml version="1.0" encoding="UTF-8"?>
<Defs>

	<ThingDef ParentName="BaseBullet">
		<defName>VPE_CosmicBallz</defName>
		<label>cosmic bolt</label>
		<description>A mass of solidified cosmic energy launched by a Cosmic Architect.</description>
		<thingClass>PsyMass.Projectile_CosmicBolt</thingClass>		
		<tickerType>Normal</tickerType>
		<altitudeLayer>VisEffects</altitudeLayer>
		<drawOffscreen>true</drawOffscreen>
		<graphicData>
			<texPath>FX/Cosmicball/cosmicballo</texPath>
			<graphicClass>Graphic_Single</graphicClass>
			<shaderType>Transparent</shaderType>
		</graphicData>
		<projectile>
			<damageDef>Cut</damageDef>
			<damageAmountBase>4</damageAmountBase>
			<speed>70</speed>
		</projectile>
		<modExtensions>
			
		</modExtensions>
		<comps>
			<li Class="VanillaPsycastsExpanded.CompProperties_FleckEmitter">
				<fleck>VPE_ColdGlowBehindProjectile</fleck>
				<emissionInterval>1</emissionInterval>
				<scale>2.3</scale>
			</li>
		</comps>
	</ThingDef>

	<ThingDef ParentName="BaseBullet">
		<defName>VPE_CosmicBallx</defName>
		<label>cosmic ball 1</label>
		<description>A mass of cosmic energy launched by a Cosmic Architect</description>
		<thingClass>VanillaPsycastsExpanded.Graphics.Projectile_Pointing</thingClass>
		<graphicData Class="VanillaPsycastsExpanded.Graphics.GraphicData_Animated">
			<texPath>Effects/Conflagrator/Fireball</texPath>
			<ticksPerFrame>5</ticksPerFrame>
			<graphicClass>VanillaPsycastsExpanded.Graphics.Graphic_Animated</graphicClass>
			<shaderType>MoteGlow</shaderType>
		</graphicData>
		<drawOffscreen>true</drawOffscreen>
		<drawerType>RealtimeOnly</drawerType>
		<projectile>
			<explosionRadius>2</explosionRadius>
			<damageDef>Flame</damageDef>
			<speed>20</speed>
			<arcHeightFactor>50</arcHeightFactor>
			<ai_IsIncendiary>true</ai_IsIncendiary>
			<shadowSize>0.6</shadowSize>
		</projectile>
		<modExtensions>
			<li Class="PsyMass.AbilityExtension_Testing"></li>
		</modExtensions>
		
	</ThingDef>
	
	
	<ThingDef ParentName="BaseBullet">
		<defName>VPE_CosmicBally</defName>
		<label>cosmic ball 2</label>
		<thingClass>VanillaPsycastsExpanded.Projectile_FrostRay</thingClass>
		<altitudeLayer>VisEffects</altitudeLayer>
		<drawOffscreen>true</drawOffscreen>
		<graphicData Class="VanillaPsycastsExpanded.Graphics.GraphicData_Animated">
			<texPath>Effects/Frostshaper/Frostbeam</texPath>
			<graphicClass>VanillaPsycastsExpanded.Graphics.Graphic_Animated</graphicClass>
			<ticksPerFrame>3</ticksPerFrame>
		</graphicData>
		<projectile>
			<speed>75</speed>
			<damageDef>Cut</damageDef>
			<damageAmountBase>12</damageAmountBase>
		</projectile>
		<modExtensions>
			<li Class="PsyMass.AbilityExtension_Testing"></li>
		</modExtensions>
		<comps>
			<li Class="VanillaPsycastsExpanded.CompProperties_FleckEmitter">
				<fleck>VPE_ColdGlowBehindProjectile</fleck>
				<emissionInterval>1</emissionInterval>
				<scale>2.3</scale>
			</li>
		</comps>
	</ThingDef>
</Defs>