﻿<?xml version="1.0" encoding="utf-8" ?>
<Defs>

  <GameConditionDef>
    <defName>PinkPoxCondition</defName>
    <conditionClass>PinkPox.GameCondition_PinkPox</conditionClass>
    <label>pink pox outbreak</label>
    <description>As temperatures rise, mosquitos in this area become more active.</description>
    <descriptionFuture>a swarm of mosquitos will harass the area around [map_definite] for [gameConditionDuration_duration], potentially spreading disease</descriptionFuture>
    <endMessage>The outbreak is beginning to dissipate.</endMessage>
    <letterText>Mosquitos in this area have grown in number and become more active.\n\nAny person or creature not under a roof or using penoxycyline will risk being bitten.\n\nMosquitos are known to transmit malaria if the disease is already endemic. Malaria has a complicated life cycle, and it is generally unlikely that a pawn will contract the disease even if they spend all day outside. However, it never hurts to take precautions. Penoxycyline will prevent bites from happening at all.</letterText>
    <letterDef>NegativeEvent</letterDef>
    <canBePermanent>true</canBePermanent>
  </GameConditionDef>                                                                                                                                                                                                                                                                                                                                                                                
  
</Defs>