<?xml version="1.0" encoding="utf-8"?>
<Defs>
<!-- hediffs -->
<HediffDef>
  <defName>AmazonStun</defName>
  <label>Stun Effect</label>
  <description>This is a custom stun effect applied by the man catcher.</description>
	<isBad>false</isBad>
    <stages>
      <li>
        <capMods>
           <li>
            <capacity>Moving</capacity>
            <postFactor>0.90</postFactor>
          </li>
          <li>
            <capacity>Manipulation</capacity>
            <postFactor>0.90</postFactor>
          </li>
		  <li>
            <capacity>Sight</capacity>
            <postFactor>0.90</postFactor>
          </li>
		  <li>
            <capacity>Consciousness</capacity>
            <setMax>0.90</setMax>
          </li>
        </capMods>
			
      </li>
    </stages>
</HediffDef>
	
</Defs>