<?xml version="1.0" encoding="utf-8" ?>
<Defs>
  <GeneCategoryDef>
    <defName>AZMetabolicAdjust</defName>
    <label>Metabolic Adjusters</label>
    <displayPriorityInXenotype>996</displayPriorityInXenotype>
  </GeneCategoryDef>

  <GeneDef>
    <defName>AZMetaAdjustMin100</defName>
    <label>Amazonian Curse</label>
	<displayCategory>AZMetabolicAdjust</displayCategory>
    <labelShortAdj>MetAdjMin-100</labelShortAdj>
    <description>An Amazonian gene which lowers metabolic efficiency.</description>
    <iconPath>UI/Icons/Genes/Gene_Depressive</iconPath>
    <displayOrderInCategory>0</displayOrderInCategory>
    <biostatCpx>0</biostatCpx>
    <biostatMet>-100</biostatMet>
  </GeneDef> 

  <GeneDef>
    <defName>AZMetaAdjustMax100</defName>
    <label>Amazonian Gift</label>
	<displayCategory>AZMetabolicAdjust</displayCategory>
    <labelShortAdj>MetAdjMax</labelShortAdj>
    <description>An Amazonian gene which increases metabolic efficiency reducing the need for sustenance.</description>
    <iconPath>UI/Icons/Genes/Gene_Sanguine</iconPath>
    <displayOrderInCategory>51</displayOrderInCategory>
    <biostatCpx>0</biostatCpx>
    <biostatMet>100</biostatMet>
  </GeneDef>
</Defs>
