<?xml version="1.0" encoding="utf-8" ?>
<Defs>

  <ThingDef ParentName="MakeableDrugPillBase">
    <defName>FF_Antidepressant</defName>
    <label>antidepressant</label>
    <description>A drug that induces a mild euphoria without the risk of side effects. Effective at counteracting depression.</description>
    <techLevel>Industrial</techLevel>
    <graphicData>
      <texPath>Drug/Antidepressant</texPath>
      <graphicClass>Graphic_StackCount</graphicClass>
    </graphicData>
    <rotatable>false</rotatable>
    <statBases>
      <WorkToMake>1600</WorkToMake>
      <MarketValue>12</MarketValue>
      <Mass>0.05</Mass>
      <DeteriorationRate>6</DeteriorationRate>
      <Flammability>1.0</Flammability>
    </statBases>
    <ingestible>
      <drugCategory>Medical</drugCategory>
      <outcomeDoers>
        <li Class="IngestionOutcomeDoer_GiveHediff">
          <hediffDef>FF_AntidepressantHigh</hediffDef>
          <severity>1</severity>
        </li>
      </outcomeDoers>
    </ingestible>
    <recipeMaker>
      <researchPrerequisite>MedicineProduction</researchPrerequisite>
      <recipeUsers>
        <li>DrugLab</li>
      </recipeUsers>
	  <skillRequirements>
	    <Crafting>4</Crafting>
		<Intellectual>2</Intellectual>
	  </skillRequirements>
    </recipeMaker>
    <costList>
      <Neutroamine>1</Neutroamine>
    </costList>
    <comps>
      <li Class="CompProperties_Drug">
        <listOrder>105</listOrder>
      </li>
    </comps>
  </ThingDef>

  <HediffDef>
    <defName>FF_AntidepressantHigh</defName>
    <label>antidepressant</label>
    <description>Antidepressant in the bloodstream. Increases neurotransmitter activity in the brain, generating a mild euphoric effect.</description>
    <hediffClass>Hediff_High</hediffClass>
    <defaultLabelColor>(1,0,0.5)</defaultLabelColor>
    <scenarioCanAdd>true</scenarioCanAdd>
    <maxSeverity>1.0</maxSeverity>
    <isBad>false</isBad>
    <comps>
      <li Class="HediffCompProperties_SeverityPerDay">
        <severityPerDay>-1.6</severityPerDay>
        <showHoursToRecover>true</showHoursToRecover>
      </li>
    </comps>
    <stages>
      <li>
      </li>
      <li>
		<minSeverity>0.2</minSeverity>
      </li>
      <li>
		<minSeverity>0.6</minSeverity>
      </li>
    </stages>
  </HediffDef>

  <ThoughtDef>
    <defName>FF_AntidepressantHigh</defName>
    <workerClass>ThoughtWorker_Hediff</workerClass>
    <hediff>FF_AntidepressantHigh</hediff>
    <validWhileDespawned>true</validWhileDespawned>
    <stages>
      <li>
        <label>antidepressant withdrawal</label>
        <description>What was I thinking!</description>
        <baseMoodEffect>-3</baseMoodEffect>
      </li>
      <li>
        <label>antidepressant use</label>
        <description>Life is good enough to give it a try, I think?</description>
        <baseMoodEffect>4</baseMoodEffect>
      </li>
      <li>
        <label>antidepressant use</label>
        <description>We don't make mistakes; we just have happy crashlandings.</description>
        <baseMoodEffect>9</baseMoodEffect>
      </li>
    </stages>
  </ThoughtDef>

</Defs>