<?xml version="1.0" encoding="utf-8" ?>
<Defs>

  <ThingDef ParentName="MakeableDrugPillBase">
    <defName>FF_Sorrow</defName>
    <label>sorrow</label>
    <description>An advanced depressant that causes a controlled surge of sadness, often allowing cathartic introspection.\n\nRecommended for those who suffered great losses to prevent more serious mental breaks.</description>
    <descriptionHyperlinks>

    </descriptionHyperlinks>
    <techLevel>Spacer</techLevel>
    <graphicData>
      <texPath>Drug/Sorrow</texPath>
      <graphicClass>Graphic_StackCount</graphicClass>
    </graphicData>
    <rotatable>false</rotatable>
    <statBases>
      <WorkToMake>5600</WorkToMake>
      <MarketValue>192</MarketValue>
      <Mass>0.05</Mass>
      <DeteriorationRate>6</DeteriorationRate>
      <Flammability>1.0</Flammability>
    </statBases>
    <ingestible>
      <drugCategory>Medical</drugCategory>
      <outcomeDoers>
        <li Class="IngestionOutcomeDoer_GiveHediff">
          <hediffDef>FF_SorrowHigh</hediffDef>
          <severity>1</severity>
        </li>
      </outcomeDoers>
    </ingestible>
    <recipeMaker>
      <researchPrerequisite>MedicineProduction</researchPrerequisite>
      <recipeUsers>
        <li>DrugLab</li>
      </recipeUsers>
	  <skillRequirements>
	    <Crafting>6</Crafting>
		<Intellectual>6</Intellectual>
	  </skillRequirements>
    </recipeMaker>
    <costList>
      <InsectJelly>20</InsectJelly>
      <Neutroamine>1</Neutroamine>
    </costList>
    <comps>
      <li Class="CompProperties_Drug">
        <listOrder>999</listOrder>
      </li>
    </comps>
  </ThingDef>

  <HediffDef>
    <defName>FF_SorrowHigh</defName>
    <label>high on sorrow</label>
    <labelNoun>a sorrow high</labelNoun>
    <description>Sorrow in the bloodstream. It produces a controlled upwelling of sadness with cathartic effects.</description>
    <hediffClass>Hediff_High</hediffClass>
    <defaultLabelColor>(1,0,0.5)</defaultLabelColor>
    <scenarioCanAdd>true</scenarioCanAdd>
    <maxSeverity>1</maxSeverity>
    <isBad>false</isBad>
    <comps>
      <li Class="HediffCompProperties_SeverityPerDay">
        <severityPerDay>-3</severityPerDay>
        <showHoursToRecover>true</showHoursToRecover>
      </li>
    </comps>
    <stages>
      <li>
        <mentalStateGivers>
          <li>
            <mentalState>Wander_Sad</mentalState>
            <mtbDays>0.1</mtbDays>
          </li>
          <li>
            <mentalState>Wander_OwnRoom</mentalState>
            <mtbDays>0.1</mtbDays>
          </li>
        </mentalStateGivers>
      </li>
    </stages>
  </HediffDef>

</Defs>