<?xml version="1.0" encoding="UTF-8"?>
<Defs>

  <VanillaPsycastsExpanded.PsycasterPathDef>
    <defName>VPETH_PsyMass1</defName>
    <label>Cosmic Architect</label>
    <description>Cosmic Architects are capable of controlling the density of matter around them using turbulent psychic forces.</description>
    <background>Backgrounds/bgth</background>
    <altBackground>Backgrounds/bgth</altBackground>
    <tab>Psycasts</tab>
    <tooltip>Cosmic Architects are capable of controlling the density of matter around them using turbulent psychic forces.</tooltip>
	<ignoreLockRestrictionsForNeurotrainers>False</ignoreLockRestrictionsForNeurotrainers>
	<ensureLockRequirement>False</ensureLockRequirement>
  </VanillaPsycastsExpanded.PsycasterPathDef>

</Defs>