<?xml version="1.0" encoding="utf-8" ?>
<Patch>
<Operation Class="PatchOperationRemove" MayRequire="ludeon.rimworld.biotech">
  <xpath>Defs/ThingDef[defName="DeathrestAccelerator"]/comps/li[@Class="CompProperties_DeathrestBindable"]/stackLimit</xpath>
</Operation>
<Operation Class="PatchOperationRemove" MayRequire="ludeon.rimworld.biotech">
  <xpath>Defs/ThingDef[defName="PsychofluidPump"]/comps/li[@Class="CompProperties_DeathrestBindable"]/stackLimit</xpath>
</Operation>
<Operation Class="PatchOperationRemove" MayRequire="ludeon.rimworld.biotech">
  <xpath>Defs/ThingDef[defName="GlucosoidPump"]/comps/li[@Class="CompProperties_DeathrestBindable"]/stackLimit</xpath>
</Operation>

<!-- VRE - Sanguophage dubious activity -->
<Operation Class="PatchOperationFindMod">
  <mods>
    <li>Vanilla Races Expanded - Sanguophage</li>
  </mods>
  <match Class="PatchOperationSequence">
    <operations>
      <li Class="PatchOperationRemove">
        <xpath>Defs/ThingDef[defName="VRE_HemodynamicAccelerator"]/comps/li[@Class="CompProperties_DeathrestBindable"]/stackLimit</xpath>
      </li>
	  <li Class="PatchOperationRemove">
        <xpath>Defs/ThingDef[defName="VRE_HemogenSolidifier"]/comps/li[@Class="CompProperties_DeathrestBindable"]/stackLimit</xpath>
      </li>
	  <li Class="PatchOperationRemove" MayRequire="ludeon.rimworld.royalty">
        <xpath>Defs/ThingDef[defName="VRE_PsychofluidWell"]/comps/li[@Class="CompProperties_DeathrestBindable"]/stackLimit</xpath>
      </li>
    </operations>
  </match>
</Operation>
</Patch>