<?xml version="1.0" encoding="utf-8"?>
<Patch>
    <Operation Class="PatchOperationFindMod">

        <mods>
          <li>Biotech Cloning</li>
        </mods>
        <match Class="PatchOperationAdd">
          <xpath>Defs/ThingDef[defName="CloneExtractor"]/comps/li[@Class="CompProperties_AffectedByFacilities"]/linkableFacilities</xpath>
          <value>
            <li>SmallGeneBank</li>
            <li>LargeGeneBank</li>
          </value>
        </match>
    </Operation>
    <Operation Class="PatchOperationSequence">
        <operations>
            <li MayRequire="ludeon.rimworld.biotech" Class="PatchOperationReplace">
                <xpath>Defs/ThingDef[defName="GeneBank"]/label</xpath>
                <value>
                    <label>medium gene bank</label>
                </value>
            </li>
            <li MayRequire="ludeon.rimworld.biotech" Class="PatchOperationReplace">
                <xpath>Defs/ThingDef[defName="GeneBank"]/comps/li[@Class="CompProperties_GenepackContainer"]/maxCapacity</xpath>
                <value>
                    <maxCapacity>64</maxCapacity>
                </value>
            </li>
            <li MayRequire="ludeon.rimworld.biotech" Class="PatchOperationReplace">
                <xpath>Defs/ThingDef[defName="GeneBank"]/comps/li[@Class="CompProperties_Power"]/basePowerConsumption</xpath>
                <value>
                    <basePowerConsumption>64</basePowerConsumption>
                </value>
            </li>
            <li MayRequire="ludeon.rimworld.biotech" Class="PatchOperationAdd">
                <xpath>Defs/ThingDef[defName="GeneAssembler"]/comps/li[@Class="CompProperties_AffectedByFacilities"]/linkableFacilities</xpath>
                <value>
                    <li>SmallGeneBank</li>
                    <li>LargeGeneBank</li>
                </value>
            </li>
            <li MayRequire="ludeon.rimworld.biotech" Class="PatchOperationAdd">
                <xpath>Defs/ThingDef[defName="GeneAssembler"]/descriptionHyperlinks</xpath>
                <value>
                    <ThingDef>SmallGeneBank</ThingDef>
                    <ThingDef>LargeGeneBank</ThingDef>
                </value>
            </li>
            <li MayRequire="ludeon.rimworld.biotech" Class="PatchOperationAdd">
                <xpath>Defs/ThingDef[defName="GeneBank"]</xpath>
                <value>
                    <designatorDropdown>Gene_Bank</designatorDropdown>
                </value>
            </li>
        </operations>
    </Operation>
</Patch>