<?xml version="1.0" encoding="utf-8"?>

<Patch>

	<Operation Class="PatchOperationSequence">
		<success>Always</success>
		<operations>

			<li Class="PatchOperationReplace">
				<xpath>/Defs/ThingDef[defName = "PsychiteTea"]/description</xpath>
				<value>
					<description>A fragrant tea infused with leaves of the psychoid plant. Drinking it induces a subtle psychite euphoria. This tea is easy to produce at cooking facilities, but can produce psychite addiction if consumed too often.\n\nMany tribes use psychoid tea, both as a daily energizer and as part of social, religious rituals and meditation.</description>
				</value>
			</li>

			<li Class="PatchOperationAdd">
				<xpath>/Defs/HediffDef[defName = "PsychiteTeaHigh"]/stages/li</xpath>
				<value>
				<statOffsets>
				   <MeditationFocusGain>0.20</MeditationFocusGain>						</statOffsets>
				</value>
			</li>
			
		</operations>
	</Operation>
	
</Patch>