<?xml version="1.0" encoding="utf-8" ?>
<Defs>

  <HediffDef ParentName="InfectionBase">
    <defName>WSKIT_GirlsPlague</defName>
    <label>girls plague</label>
    <description>An mentally incapatactating ailment which slowly regresses the subject until they resemble a blabbering, incoherent and impotent baby girl.</description>
    <makesSickThought>true</makesSickThought>
    <lethalSeverity>1</lethalSeverity>
    <tendable>true</tendable>
    <comps>
      <li Class="HediffCompProperties_TendDuration">
        <baseTendDurationHours>10</baseTendDurationHours>
        <severityPerDayTended>-0.4828</severityPerDayTended>
      </li>
      <li Class="HediffCompProperties">
        <compClass>KitMod.HediffComp_TriggerOnSeverityStages</compClass>
      </li>	  
	  <li Class="HediffCompProperties_SeverityPerDay">
        <severityPerDay>0.3</severityPerDay>
      </li>
    </comps>
    <stages>
      <li>
        <label>minor</label>
        <painOffset>0.2</painOffset>
        <capMods>
          <li>
            <capacity>Consciousness</capacity>
            <offset>-0.01</offset>
          </li>
          <li>
            <capacity>Manipulation</capacity>
            <offset>-0.02</offset>
          </li>
        </capMods>
      </li>
      <li>
        <minSeverity>0.6</minSeverity>
        <label>major</label>
        <painOffset>0.30</painOffset>
        <capMods>
          <li>
            <capacity>Consciousness</capacity>
            <offset>-0.2</offset>
          </li>
          <li>
            <capacity>Manipulation</capacity>
            <offset>-0.3</offset>
          </li>
        </capMods>
      </li>
      <li>
        <minSeverity>0.8</minSeverity>
        <label>extreme</label>
        <painOffset>0.40</painOffset>
        <capMods>
          <li>
            <capacity>Consciousness</capacity>
            <offset>-0.4</offset>
          </li>
          <li>
            <capacity>Manipulation</capacity>
            <offset>-0.4</offset>
          </li>
        </capMods>
      </li>
      <li>
        <minSeverity>0.9</minSeverity>
        <label>extreme</label>
        <lifeThreatening>true</lifeThreatening>
        <painOffset>0.50</painOffset>
        <capMods>
          <li>
            <capacity>Consciousness</capacity>
            <setMax>0.1</setMax>
          </li>
          <li>
            <capacity>Manipulation</capacity>
            <setMax>0.1</setMax>
          </li>
          <li>
            <capacity>Breathing</capacity>
            <offset>-0.15</offset>
          </li>
        </capMods>
      </li>
    </stages>
  </HediffDef>

  

</Defs>