<?xml version="1.0" encoding="utf-8" ?>
<Defs>

<RecipeDef>
    <defName>Fox_PsylinkSacrifice</defName>
    <label>make Psylink Neuroformer from sacrifice</label>
    <description>make a psylink.</description>
    <jobString>making a psylink.</jobString>
    <workSkill>Crafting</workSkill>
    <workSpeedStat>GeneralLaborSpeed</workSpeedStat>
    <effectWorking>ButcherFlesh</effectWorking>
    <soundWorking>Recipe_ButcherCorpseFlesh</soundWorking>
	<workAmount>1</workAmount>
	<unfinishedThingDef>UnfinishedGun</unfinishedThingDef>
	<recipeUsers>
      <li>CraftingSpot</li>
    </recipeUsers>
    <ingredients>
	  		<li>
				<filter>
					<thingDefs>
						<li>Heart</li>
					</thingDefs>
				</filter>
				<count>1</count>
			</li>
			<li>
				<filter>
					<thingDefs>
						<li>Cloth</li>
					</thingDefs>
				</filter>
				<count>30</count>
			</li>
    </ingredients>
		<products>
			<PsychicAmplifier>1</PsychicAmplifier>
		</products>
  </RecipeDef>

</Defs>