<?xml version="1.0" encoding="utf-8" ?>

<Defs>

	<ThoughtDef>
		<defName>WSPP_DEVELOPED_PINKPOX</defName>
		<thoughtClass>Thought_Memory</thoughtClass>
		<durationDays>10.0</durationDays>
		<stackLimit>1</stackLimit>
		<stackedEffectMultiplier>0.4</stackedEffectMultiplier>
		<stages>
			<li>
				<label>blighted with pinkpox</label>
				<description>I have been blighted with a regressive ailment known as Pink Pox!</description>
				<baseMoodEffect>-15</baseMoodEffect>
			</li>
		</stages>
	</ThoughtDef>
	
	<ThoughtDef>
		<defName>WSPP_DEVELOPED_PINKPOX_EMASC</defName>
		<thoughtClass>Thought_Memory</thoughtClass>
		<durationDays>5.0</durationDays>
		<stackLimit>1</stackLimit>
		<stackedEffectMultiplier>0.4</stackedEffectMultiplier>
		<stages>
			<li>
				<label>emasculated</label>
				<description>I feel emasculated and fear I am losing my male virility forever...</description>
				<baseMoodEffect>-5</baseMoodEffect>
			</li>
		</stages>
	</ThoughtDef>
	
	<ThoughtDef>
		<defName>WSPP_PINKPOX_PINKPOX_GIDDY</defName>
		<thoughtClass>Thought_Memory</thoughtClass>
		<durationDays>6.0</durationDays>
		<stackLimit>1</stackLimit>
		<stackedEffectMultiplier>0.4</stackedEffectMultiplier>
		<stages>
			<li>
				<label>giddy</label>
				<description>Despite my current ailments, I feel giddy and light on my feet for some strange reason...</description>
				<baseMoodEffect>2</baseMoodEffect>
			</li>
		</stages>
	</ThoughtDef>
	
	<ThoughtDef>
		<defName>WSPP_DEVELOPED_PINKPOX_FAILED_CURE</defName>
		<thoughtClass>Thought_Memory</thoughtClass>
		<durationDays>1.0</durationDays>
		<stackLimit>5</stackLimit>
		<stackedEffectMultiplier>0.4</stackedEffectMultiplier>
		<stages>
			<li>
				<label>cure failed</label>
				<description>I tried to remove my Pink Pox with another extraneous cure but it failed. I'm beginning to lose hope...</description>
				<baseMoodEffect>-5</baseMoodEffect>
			</li>
		</stages>
	</ThoughtDef>
	
	<ThoughtDef>
		<defName>WSPP_PINKPOX_CURED_PAWN</defName>
		<thoughtClass>Thought_Memory</thoughtClass>
		<durationDays>30.0</durationDays>
		<stackLimit>1</stackLimit>
		<stackedEffectMultiplier>0.4</stackedEffectMultiplier>
		<stages>
			<li>
				<label>cure succeeded</label>
				<description>I managed to cure my pink pox successfully.</description>
				<baseMoodEffect>5</baseMoodEffect>
			</li>
		</stages>
	</ThoughtDef>

	<ThoughtDef>
		<defName>WSPP_DEVELOPED_PINKPOX_MASOCHIST</defName>
		<thoughtClass>Thought_Memory</thoughtClass>
		<stackLimit>1</stackLimit>
		<stackedEffectMultiplier>0.4</stackedEffectMultiplier>
		<stages>
			<li>
				<label>cursed with pinkpox</label>
				<description>My life is going to be irrevocably changed against my will and it turns me on thinking about it!</description>
				<baseMoodEffect>5</baseMoodEffect>
			</li>
		</stages>
	</ThoughtDef>

</Defs>
