﻿<?xml version="1.0" encoding="utf-8"?>
<ModMetaData>
  <name>GO Inseminate Yourself</name>
  <packageId>Slug.GIY</packageId>
  <author>WebSlug</author>
  <url></url>
  <supportedVersions>
	<li>1.6</li>
  </supportedVersions>
  <modVersion>1.6</modVersion>
  <modDependencies>
	<li>
		<packageId>brrainz.harmony</packageId>
		<displayName>Harmony</displayName>
		<steamWorkshopUrl>steam://url/CommunityFilePage/2009463077</steamWorkshopUrl>
		<downloadUrl>https://github.com/pardeike/HarmonyRimWorld/releases/latest</downloadUrl>
	</li>
	<li>
		<packageId>Ludeon.RimWorld.Biotech</packageId>
		<displayName>Biotech</displayName>		
	</li>
  </modDependencies>
	<loadAfter>
		<li>Ludeon.RimWorld</li>
		<li>Ludeon.RimWorld.Royalty</li>
		<li>Ludeon.RimWorld.Ideology</li>
		<li>Ludeon.RimWorld.Odyssey</li>
		<li>Ludeon.RimWorld.Biotech</li>
		<li>Ludeon.RimWorld.Anomaly</li>
		<li>brrainz.harmony</li>
		<li>rim.job.world</li>		
	</loadAfter>
  <description><![CDATA[<size=18><color=#87CEFA>Description</color></size>
* Adds a new craftable injectable which allows the pawn to impregnate themself. 

<size=18><color=#87CEFA>Updates (31st July 2025)</color></size>
* Optional mod settings

<size=18><color=#87CEFA>Requirements</color></size>
* Requires the BIOTECH DLC

<size=18><color=#87CEFA>Load Order</color></size>
* Does not matter

]]>
</description>
</ModMetaData>