<?xml version="1.0" encoding="utf-8" ?>
<Defs>

	<BackstoryDef Name="Amazon" Abstract="True">
		<bodyTypeMale>Male</bodyTypeMale>
    	<bodyTypeFemale>Female</bodyTypeFemale>
	</BackstoryDef>

	<BackstoryDef ParentName="Amazon">
		<defName>Inquisitor</defName>
		<title>inquisitor</title>
		<titleShort>inquisitor</titleShort>
		<slot>Adulthood</slot>
		<identifier>AM_AmazonMod_Inquisitor</identifier>
		<description>Amazon Inquisitors are sent out to roam the lands by Amazon queens to capture and enslave any males that they find.</description>
		<workDisables>None</workDisables>
		<spawnCategories>
			<li>Amazon</li>
		</spawnCategories>
		<skillGains>
		  <Intellectual>5</Intellectual>
		  <Shooting>5</Shooting>
		  <Medicine>4</Medicine>
		  <Crafting>2</Crafting>
		</skillGains>
		<bodyTypeGlobal>Female</bodyTypeGlobal>
		<bodyTypeFemale>Female</bodyTypeFemale>
		<bodyTypeMale>Female</bodyTypeMale>
		<forcedTraits>
		  <DislikesMen>0</DislikesMen>
		</forcedTraits>
		<shuffleable>True</shuffleable>
	</BackstoryDef>
	
	<BackstoryDef ParentName="Amazon">
		<defName>Enforcer</defName>
		<title>enforcer</title>
		<titleShort>enforcer</titleShort>
		<slot>Adulthood</slot>
		<identifier>AM_AmazonMod_Enforcer</identifier>
		<description>Amazon Enforcers are dispatched into the surrounding region by Amazon queens to capture and enslave any males that they find.</description>
		<workDisables>None</workDisables>
		<spawnCategories>
			<li>Amazon</li>
		</spawnCategories>
		<skillGains>
		  <Shooting>4</Shooting>
		  <Medicine>2</Medicine>
		  <Crafting>1</Crafting>
		</skillGains>
		<bodyTypeGlobal>Female</bodyTypeGlobal>
		<bodyTypeFemale>Female</bodyTypeFemale>
		<bodyTypeMale>Female</bodyTypeMale>
		<forcedTraits>
		  <DislikesMen>0</DislikesMen>
		</forcedTraits>
		<shuffleable>True</shuffleable>
	</BackstoryDef>	

	<BackstoryDef ParentName="Amazon">
		<defName>AZTribeKid60</defName>  
		<ignoreIllegalLabelCharacterConfigError>False</ignoreIllegalLabelCharacterConfigError>  
		<identifier>AM_AmazonMod_BackStoryTC</identifier>  
		<slot>Childhood</slot>  
		<title>tribal child</title>  
		<titleShort>tribal child</titleShort>  
		<description>[PAWN_nameDef] grew up on [PAWN_possessive] family's beef farm. [PAWN_pronoun] enjoyed working the fields and taking care of the animals.</description>  
		<spawnCategories>
			<li>Amazon</li>
		</spawnCategories>
		<skillGains>
		  <Plants>3</Plants>    
		  <Medicine>2</Medicine>    
		  <Crafting>2</Crafting>
		</skillGains>  
		<workDisables>None</workDisables>
		<requiredWorkTags>None</requiredWorkTags>  
		<shuffleable>True</shuffleable>  
	  </BackstoryDef>
	  
	<BackstoryDef ParentName="Amazon">
    <defName>AZBunkerKid60</defName>  
    <ignoreIllegalLabelCharacterConfigError>False</ignoreIllegalLabelCharacterConfigError>  
    <identifier>AM_AmazonMod_BackStoryBK</identifier>  
    <slot>Childhood</slot>  
    <title>bunker kid</title>  
    <titleShort>bunker kid</titleShort>  
    <description>[PAWN_nameDef] grew up in an underground shelter, waiting for radioactive fallout to subside. [PAWN_possessive] rich family had gained access to a luxury bunker city, while billions died on the surface.

Determined to one day seek revenge against the hated enemy, [PAWN_nameDef] spent most of [PAWN_possessive] time practicing shooting in [PAWN_possessive] private training facility.</description>  
    <skillGains>
      <Shooting>4</Shooting>    
      <Melee>4</Melee>    
      <Social>-2</Social>
    </skillGains>
	<spawnCategories>
		<li>Amazon</li>
	</spawnCategories>	
    <workDisables>None</workDisables> 
    <requiredWorkTags>None</requiredWorkTags>  
    <shuffleable>True</shuffleable>  
  </BackstoryDef>


</Defs>