<?xml version="1.0" encoding="utf-8" ?>
<Defs>
	
	<ThingDef ParentName="ResourceBase">
		<defName>SatinCloth</defName>
		<label>Satin</label>
		<description>A satin weave is a type of fabric weave that produces a characteristically glossy, smooth or lustrous material, typically with a glossy top surface and a dull back.</description>
		<graphicData>
			<texPath>Things/Item/Resource/Cloth</texPath>
			<graphicClass>Graphic_StackCount</graphicClass>
			<color>(255,102,255)</color>
		</graphicData>
		<statBases>
			<MaxHitPoints>100</MaxHitPoints>
			<MarketValue>4</MarketValue>
			<Mass>0.032</Mass>
			<Flammability>1.2</Flammability>
			<DeteriorationRate>3</DeteriorationRate>
			<StuffPower_Armor_Sharp>1.35</StuffPower_Armor_Sharp>
			<StuffPower_Armor_Blunt>0.30</StuffPower_Armor_Blunt>
			<StuffPower_Insulation_Cold>20</StuffPower_Insulation_Cold>
			<StuffPower_Insulation_Heat>20</StuffPower_Insulation_Heat>
		</statBases>
		<burnableByRecipe>true</burnableByRecipe>
		<healthAffectsPrice>false</healthAffectsPrice>
		<minRewardCount>30</minRewardCount>
		<stuffProps>
			<categories>
				<li>Fabric</li>
			</categories>
			<commonality>0.00</commonality>
			<color>(255,102,255)</color>
			<statFactors>
				<Flammability>1.2</Flammability>
				<MaxHitPoints>1.8</MaxHitPoints>
				<Beauty>16</Beauty>
			</statFactors>
		</stuffProps>
		<thingCategories>
			<li>Textiles</li>
		</thingCategories>
		<comps>
			<li>
				<compClass>CompColorable</compClass>
			</li>
		</comps>
		<allowedArchonexusCount>80</allowedArchonexusCount>
	</ThingDef>
	
</Defs>