<?xml version="1.0" encoding="utf-8" ?>
<Defs>

	<ThingDef Name="RH_BodyPartAmazontechBase" ParentName="BodyPartBase" Abstract="True">
		<techLevel>Ultra</techLevel>
		<thingCategories>
			<li>BodyPartsBionic</li>
		</thingCategories>
		<statBases>
		    <MarketValue>200</MarketValue>
			<DeteriorationRate>0</DeteriorationRate>
			<Mass>1</Mass>
		</statBases>
	</ThingDef>

	<HediffDef ParentName="AddedBodyPartBase">
		<defName>Amazon_BionicSpine</defName>
		<label>amazon spine</label>
		<labelNoun>an bionic amazon spine</labelNoun>
		<description>An installed bionic amazonian spine.</description>
		<descriptionHyperlinks>
			<ThingDef>Amazon_BionicSpine</ThingDef>
		</descriptionHyperlinks>
		<spawnThingOnRemoved>Amazon_BionicSpine</spawnThingOnRemoved>
		<addedPartProps>
			<solid>true</solid>
			<betterThanNatural>true</betterThanNatural>
		</addedPartProps>
		<stages>
			<li>
				<capMods>
					<li>
						<capacity>Moving</capacity>
						<offset>0.10</offset>
					</li>          
					<li>
						<capacity>Manipulation</capacity>
						<offset>0.25</offset>
					</li>
				</capMods>
			</li>
		</stages>
	</HediffDef>
	
	<ThingDef ParentName="RH_BodyPartAmazontechBase">
		<defName>Amazon_BionicSpine</defName>
		<label>amazon spine</label>
		<description>An advanced artificial spine, resembling a natural spine in appearance and its feeling. A biogel nerve bundle runs down an articulated plasteel core, surrounded by a lattice-dust healing system. It matches the performance of a biological spine.</description>
		<graphicData>
			<texPath>Things/Item/Special/Amaozn_Limb</texPath>
			<graphicClass>Graphic_Single</graphicClass>
			<drawSize>0.90</drawSize>
			<color>(213, 173, 255)</color>
			<!-- Body parts -->
		</graphicData>
		<costList>
			<Plasteel>16</Plasteel>
			<ComponentSpacer>1</ComponentSpacer>
		</costList>
	</ThingDef>
	
	<RecipeDef ParentName="SurgeryInstallBodyPartArtificialBase">
		<defName>InstallRH_Amazon_BionicSpine</defName>
		<label>install amazon bionic spine</label>
		<uiIconThing>Amazon_BionicSpine</uiIconThing>
		<description>Install an amazon bionic spine.</description>
		<descriptionHyperlinks>
			<ThingDef>Amazon_BionicSpine</ThingDef>
		</descriptionHyperlinks>
		<jobString>Installing a bionic spine.</jobString>
		<ingredients>
			<li>
				<filter>
					<thingDefs>
						<li>Amazon_BionicSpine</li>
					</thingDefs>
				</filter>
				<count>1</count>
			</li>
		</ingredients>
		<fixedIngredientFilter>
			<thingDefs>
				<li>Amazon_BionicSpine</li>
			</thingDefs>
		</fixedIngredientFilter>
		<appliedOnFixedBodyParts>
			<li>Spine</li>
		</appliedOnFixedBodyParts>
		<addsHediff>Amazon_BionicSpine</addsHediff>
	</RecipeDef>
	
</Defs>