﻿<?xml version="1.0" encoding="utf-8"?>
<ModMetaData>
  <name>WebSlug KitMod</name>
  <packageId>Slug.KitMod1</packageId>
  <author>WebSlug</author>
  <url></url>
  <supportedVersions>
	<li>1.5</li>
	<li>1.6</li>
  </supportedVersions>
  <modVersion>1.6</modVersion>
  <modDependencies>

  </modDependencies>

  <description>WebSlug KitMod - V1.5
  
Description
* Lowers Smokeleaf consciousness penalty to 10% and makes addiction effectively impossible.
* Vanometric power cells now add 50000 power.
* Maximum battery capacity increased to 10000.
* Increases the maximum capacity of the gene bank to 64.
* Adds new fabrics.
* Nutritious Kibble. (Reduce animal feeding)
* Metabolic gene cheats added. (Avoid the metabolic BS)
* Faster gene recovery time. (Avoid the BS)
* Meditatation freedom. (Meditate anywhere based on class)
* Unlimited Armor (Removes 250% armor cap)
* Steel and Plasteel are non flammable.
* Craftable Psy Link Neuro former.
</description>
</ModMetaData>