<?xml version="1.0" encoding="utf-8" ?>
<Defs>

  <HediffDef ParentName="InfectionBase">
    <defName>WSPP_PinkPoxImmunity</defName>
    <label>Pink Pox Immunity</label>
    <description>Immunity to Pink Pox.</description>
    <makesSickThought>false</makesSickThought>
    <lethalSeverity>1</lethalSeverity>
    <tendable>false</tendable>
   </HediffDef>

  <HediffDef ParentName="InfectionBase">
    <defName>WSPP_PinkPox</defName>
    <label>Pink Pox</label>
    <description>An incapacitating ailment which slowly regresses the subject until they resemble a blabbering, incoherent and impotent baby girl.</description>
    <makesSickThought>true</makesSickThought>
    <lethalSeverity>1</lethalSeverity>
    <tendable>false</tendable>
	<scenarioCanAdd>true</scenarioCanAdd>
    <comps>
      <li Class="HediffCompProperties">
        <compClass>PinkPox.HediffComp_TriggerOnSeverityStages</compClass>
      </li>	  
	  <li Class="HediffCompProperties_SeverityPerDay">
        <severityPerDay>0.001</severityPerDay> <!--should be 0.30 or less.-->
      </li>
    </comps>
    <stages>
      <li>
        <label>minor</label>
        <painOffset>0.00</painOffset>
        <capMods>
          <li>
            <capacity>Consciousness</capacity>
            <offset>-0.01</offset>
          </li>
          <li>
            <capacity>Manipulation</capacity>
            <offset>-0.02</offset>
          </li>
        </capMods>
      </li>
      <li>
        <minSeverity>0.5</minSeverity>
        <label>major</label>
        <painOffset>0.00</painOffset>
        <capMods>
          <li>
            <capacity>Consciousness</capacity>
            <offset>-0.02</offset>
          </li>
          <li>
            <capacity>Manipulation</capacity>
            <offset>-0.4</offset>
          </li>
        </capMods>
      </li>
      <li>
        <minSeverity>0.8</minSeverity>
        <label>extreme</label>
        <painOffset>0.00</painOffset>
        <capMods>
          <li>
            <capacity>Consciousness</capacity>
            <offset>-0.04</offset>
          </li>
          <li>
            <capacity>Manipulation</capacity>
            <offset>-0.6</offset>
          </li>
        </capMods>
      </li>
      <li>
        <minSeverity>0.9</minSeverity>
        <label>extreme</label>
        <lifeThreatening>false</lifeThreatening>
        <painOffset>0.00</painOffset>
        <capMods>
          <li>
            <capacity>Consciousness</capacity>
            <offset>-0.05</offset>
          </li>
          <li>
            <capacity>Manipulation</capacity>
            <offset>-0.8</offset>
          </li>
          <li>
            <capacity>Breathing</capacity>
            <offset>-0.02</offset>
          </li>
        </capMods>
      </li>
    </stages>
  </HediffDef>

</Defs>