<?xml version="1.0" encoding="UTF-8"?>
<Defs>
  <HediffDef>
    <hediffClass>HediffWithComps</hediffClass>
    <defName>WSPP_Injector_Effect</defName>
    <description>A syringe containing a large amount of Pink Pox which is guaranteed to infect whoever injects it.</description>
    <label>Pink Pox Injector</label>
    <maxSeverity>1.0</maxSeverity>
    <stages>
      <li>
        <naturalHealingFactor>100</naturalHealingFactor>
        <totalBleedFactor>0.5</totalBleedFactor>
      </li>
    </stages>
    <comps>
      <li Class="HediffCompProperties_SeverityPerDay">
        <severityPerDay>-2.5</severityPerDay>
      </li>
      <!--2,500 ticks per hour in game-->
      <li Class="HediffCompProperties_Disappears">
        <disappearsAfterTicks>2900~3500</disappearsAfterTicks>
      </li>
    </comps>
  </HediffDef>
  
  <ThingDef ParentName="MakeableDrugPillBase">
    <defName>WSPP_Injector</defName>
    <label>Pink Pox Injector</label>
    <description>A syringe containing a large amount of Pink Pox which is guaranteed to infect whoever injects it.</description>
    <possessionCount>0</possessionCount>
    <descriptionHyperlinks>
      <HediffDef>WSPP_Injector_Effect</HediffDef>
    </descriptionHyperlinks>
    <graphicData>
      <texPath>Injector/PP</texPath>
      <graphicClass>Graphic_StackCount</graphicClass>
    </graphicData>
	<useHitPoints>true</useHitPoints>
    <socialPropernessMatters>false</socialPropernessMatters>
    <rotatable>false</rotatable>
    <statBases>
      <WorkToMake>2000</WorkToMake>
      <MarketValue>7</MarketValue>
	  <Mass>0.005</Mass>
      <Flammability>0.7</Flammability>
	  <MaxHitPoints>80</MaxHitPoints>
    </statBases>
    <techLevel>Industrial</techLevel>
    <ingestible>
      <drugCategory>Medical</drugCategory>
      <outcomeDoers>
		<li Class="IngestionOutcomeDoer_GiveHediff">
		  <hediffDef>WSPP_PinkPox</hediffDef>  <!-- This is now correct -->
		  <severity>0.01</severity>  <!-- Starting severity, adjust as needed -->
		</li>
      </outcomeDoers>
    </ingestible>
    <recipeMaker>
      <researchPrerequisite>PenoxycylineProduction</researchPrerequisite>
      <recipeUsers>
        <li>DrugLab</li>
      </recipeUsers>
    </recipeMaker>
    <costList>
      <MedicineUltratech>1</MedicineUltratech>
    </costList>
    <comps>
      <li Class="CompProperties_Drug">
        <listOrder>1000</listOrder>
        <overdoseSeverityOffset>0.08~0.14</overdoseSeverityOffset>
      </li>
    </comps>
    <orderedTakeGroup>Medicine</orderedTakeGroup>
  </ThingDef>
  
 <ThingDef ParentName="MakeableDrugPillBase">
    <defName>WSPP_Injector_PPCure</defName>
    <label>Pink Pox Cure</label>
    <description>A syringe containing a supposed cure to alleviate or remove Pink Pox.</description>
    <possessionCount>0</possessionCount>
    <descriptionHyperlinks>
      <HediffDef>WSPP_Injector_Effect</HediffDef>
    </descriptionHyperlinks>
    <graphicData>
      <texPath>Injector/pp_cure</texPath>
      <graphicClass>Graphic_StackCount</graphicClass>
    </graphicData>
    <socialPropernessMatters>false</socialPropernessMatters>
    <rotatable>false</rotatable>
    <tradeNeverStack>true</tradeNeverStack>
	<statBases>
      <WorkToMake>256000</WorkToMake>
      <Mass>0.005</Mass>
      <Flammability>0.7</Flammability>
	  <MarketValue>12000</MarketValue>
    </statBases>
    <techLevel>Archotech</techLevel>
    <thingCategories>
      <li>Artifacts</li>
    </thingCategories>
    <tradeTags>
      <li>Artifact</li>
    </tradeTags>
    <ingestible>
      <drugCategory>Medical</drugCategory>
		<outcomeDoers>
		  <li Class="PinkPox.IngestionOutcomeDoer_PinkPoxCure"/>
		</outcomeDoers>
    </ingestible>
    <recipeMaker>
      <researchPrerequisite>PenoxycylineProduction</researchPrerequisite>
      <recipeUsers>
        <li>DrugLab</li>
      </recipeUsers>
    </recipeMaker>
    <costList>
      <MedicineUltratech>50</MedicineUltratech>
    </costList>
    <comps>
      <li Class="CompProperties_Drug">
        <listOrder>1000</listOrder>
        <overdoseSeverityOffset>0.08~0.14</overdoseSeverityOffset>
      </li>
    </comps>
    <orderedTakeGroup>Medicine</orderedTakeGroup>
  </ThingDef>
  
</Defs>
