﻿<?xml version="1.0" encoding="UTF-8"?>
<Defs>
<TraderKindDef>
    <defName>Orbital_GeneTrader</defName>
    <label>gene trader</label>
    <orbital>true</orbital>
    
    <stockGenerators>
      
      <!-- Resources -->
      <li Class="StockGenerator_SingleDef">
        <thingDef>Silver</thingDef>
        <countRange>2000~4000</countRange>
      </li>
      <li Class="StockGenerator_SingleDef">
        <thingDef>ComponentIndustrial</thingDef>
        <countRange>15~30</countRange>
      </li>
      <li Class="StockGenerator_SingleDef">
        <thingDef>ComponentSpacer</thingDef>
        <countRange>1~2</countRange>
      </li>
      <li Class="StockGenerator_SingleDef">
        <thingDef>Plasteel</thingDef>
        <countRange>100~400</countRange>
       </li>
      <li Class="StockGenerator_SingleDef">
        <thingDef>MedicineIndustrial</thingDef>
        <countRange>20~30</countRange>
      </li>
      
      <!-- Genepacks -->
      <li MayRequire="Ludeon.RimWorld.Biotech" Class="StockGenerator_SingleDef">
        <thingDef>Genepack</thingDef>
        <countRange>6~13</countRange>
      </li>
      
      <!-- Archite Capsule -->
      <li MayRequire="Ludeon.RimWorld.Biotech" Class="StockGenerator_SingleDef">
        <thingDef>ArchiteCapsule</thingDef>
        <countRange>1~2</countRange>
      </li>
      
      <!-- Blood Packs -->
      <li MayRequire="Ludeon.RimWorld.Biotech" Class="StockGenerator_SingleDef">
        <thingDef>HemogenPack</thingDef>
        <countRange>5~10</countRange>
      </li>
      
      <!-- Slaves -->
      <li Class="StockGenerator_Slaves">
        <countRange>2~4</countRange>
      </li>
      
      <!-- Deathrest capacity serum -->
      <li MayRequire="Ludeon.RimWorld.Biotech" Class="StockGenerator_SingleDef">
        <thingDef>DeathrestCapacitySerum</thingDef>
        <countRange>1</countRange>
      </li>
      
      <!-- Drugs -->
      <li Class="StockGenerator_Category">
        <categoryDef>Drugs</categoryDef>
        <thingDefCountRange>4~7</thingDefCountRange>
        <totalPriceRange>1000~2000</totalPriceRange>
      </li>
      
      <!-- Buying -->
      <li Class="StockGenerator_BuyExpensiveSimple" />
      <li Class="StockGenerator_BuyTradeTag"><tag>Art</tag></li>
      <li Class="StockGenerator_BuyTradeTag"><tag>ImplantEmpireCommon</tag></li>
      <li Class="StockGenerator_BuyTradeTag"><tag>ImplantEmpireRoyal</tag></li>
      <li Class="StockGenerator_BuyTradeTag"><tag>PsylinkNeuroformer</tag></li>
      <li Class="StockGenerator_BuyTradeTag"><tag>ExoticBuilding</tag></li>
      
    </stockGenerators>
  </TraderKindDef>
</Defs>