﻿<?xml version="1.0" encoding="utf-8" ?>
<Defs>

  <!-- ============== Empire titles - Player gettable non-psycaster ============================= -->

  <RoyalTitleDef Abstract="True" Name="BaseAmazonTitle" >
    <tags>
      <li>AmazonTitle</li>
    </tags>
    <awardThought>GainedTitle</awardThought>
    <lostThought>LostTitle</lostThought>
  </RoyalTitleDef>

  <RoyalTitleDef ParentName="BaseAmazonTitle">
    <defName>amazon_kinswoman</defName>
    <label>Kin</label>
    <description>Amazon kin have been acknowleged by the Amazon tribes as a trust member.</description>
    <seniority>0</seniority>
    <favorCost>1</favorCost>
    <changeHeirQuestPoints>1000</changeHeirQuestPoints>
	<maxPsylinkLevel>3</maxPsylinkLevel>
    <awardWorkerClass>RoyalTitleAwardWorker_Instant</awardWorkerClass>
	<recruitmentResistanceOffset>60</recruitmentResistanceOffset>
  </RoyalTitleDef>

  <RoyalTitleDef ParentName="BaseAmazonTitle">
    <defName>amazon_huntress</defName>
    <label>Huntress</label>
    <description>Acknowledged as a warrior within the community of most Amazon tribes, a Huntress is a proud recognized warrior.</description>
    <seniority>100</seniority>
    <favorCost>6</favorCost>
    <changeHeirQuestPoints>1000</changeHeirQuestPoints>
    <commonality>1</commonality>
    <maxPsylinkLevel>4</maxPsylinkLevel>
	<recruitmentResistanceOffset>70</recruitmentResistanceOffset>
  </RoyalTitleDef>

  <RoyalTitleDef ParentName="BaseAmazonTitle">
    <defName>title_amazon</defName>
    <label>Amazon</label>
    <description>A recognized Amazon warrior.</description>
    <seniority>200</seniority>
    <favorCost>8</favorCost>
	<commonality>1</commonality>
    <changeHeirQuestPoints>1200</changeHeirQuestPoints>
	<maxPsylinkLevel>4</maxPsylinkLevel>
	<recruitmentResistanceOffset>80</recruitmentResistanceOffset>
  </RoyalTitleDef>
  
  <RoyalTitleDef ParentName="BaseAmazonTitle">
    <defName>amazon_sister</defName>
    <label>Sister</label>
    <description>A Sister is a respected subject in the ranks of her Amazon companions.</description>
    <seniority>300</seniority>
    <favorCost>10</favorCost>
	<commonality>1</commonality>
    <changeHeirQuestPoints>1400</changeHeirQuestPoints>
	<maxPsylinkLevel>4</maxPsylinkLevel>
	<recruitmentResistanceOffset>90</recruitmentResistanceOffset>
  </RoyalTitleDef>

  <RoyalTitleDef ParentName="BaseAmazonTitle">
    <defName>Queen</defName>
    <label>queen</label>
    <description>The Queen of the Amazon kingdom.</description>
    <seniority>900</seniority>
    <commonality>0.1</commonality>
    <recruitmentResistanceOffset>200</recruitmentResistanceOffset>
    <replaceOnRecruited>Consul</replaceOnRecruited>
    <requiredApparel>
      <li>
        <bodyPartGroupsMatchAny>
          <li>UpperHead</li>
          <li>FullHead</li>
        </bodyPartGroupsMatchAny>
        <requiredTags>
          <li>RoyalTier7</li>
        </requiredTags>
        <allowedTags>
          <li>PrestigeCombatGear</li>
          <li>Psychic</li>
          <li>Mechlord</li>
        </allowedTags>
      </li>
    </requiredApparel>
  </RoyalTitleDef>

</Defs>