<?xml version="1.0" encoding="utf-8" ?>

<Defs>
  
  <ThoughtDef>
    <defName>CA_SOCIAL_PEN9</defName>
    <thoughtClass>Thought_MemorySocial</thoughtClass>
    <durationDays>30</durationDays>
    <stackLimit>3</stackLimit>
    <stackLimitForSameOtherPawn>9</stackLimitForSameOtherPawn>
    <developmentalStageFilter>Baby, Child, Adult</developmentalStageFilter>
    <stages>
      <li>
        <label>my energy was stolen</label>
        <baseOpinionOffset>-5</baseOpinionOffset>
      </li>
    </stages>
  </ThoughtDef>
  
  <ThoughtDef>
    <defName>CA_SOCIAL_PEN10</defName>
    <thoughtClass>Thought_MemorySocial</thoughtClass>
    <durationDays>3</durationDays>
    <stackLimit>1</stackLimit>
    <stackLimitForSameOtherPawn>3</stackLimitForSameOtherPawn>
    <developmentalStageFilter>Baby, Child, Adult</developmentalStageFilter>
    <stages>
      <li>
        <label>i was used as a human battery</label>
        <baseOpinionOffset>5</baseOpinionOffset>
      </li>
    </stages>
  </ThoughtDef>
  
</Defs>
