<?xml version="1.0" encoding="utf-8" ?>

<Defs>

	<ThoughtDef>
		<defName>TH_defieddeath</defName>
		<thoughtClass>Thought_Memory</thoughtClass>
		<durationDays>1.4</durationDays>
		<stackLimit>1</stackLimit>
		<stackedEffectMultiplier>0.4</stackedEffectMultiplier>
		<stages>
			<li>
				<label>I have defied death</label>
				<description>My biological age has been altered by external forces, I have cheated death temporarily.</description>
				<baseMoodEffect>4</baseMoodEffect>
			</li>
		</stages>
	</ThoughtDef>

</Defs>
