﻿<?xml version="1.0" encoding="utf-8" ?>
<Defs>

  <!-- =========================== Good ============================-->

   <IncidentDef>
    <defName>PinkPoxSpread</defName>
    <label>Pink Pox Outbreak</label>
    <category>Misc</category>
    <targetTags>
      <li>Map_PlayerHome</li>
    </targetTags>
    <workerClass>PinkPox.IncidentWorker_PinkPoxSpread</workerClass>
    <gameCondition>PinkPoxCondition</gameCondition>
    <letterLabel>Pink pox outbreak</letterLabel>
    <letterDef>NegativeEvent</letterDef>
    <baseChance>0.1</baseChance>
    <earliestDay>120</earliestDay>
    <minRefireDays>120</minRefireDays>
    <durationDays>1~2</durationDays>
    <tale>PinkPoxTale</tale>
  </IncidentDef>

</Defs>