<?xml version="1.0" encoding="utf-8" ?>
<Patch>
	<Operation Class="PatchOperationSequence">
		<operations>
		<li Class="PatchOperationAdd">
			<xpath>/Defs/TorannMagic.WeaponCategoryList[defName='TM_Category_Pistols']/weaponDefNames</xpath>
				<value>
					<li>VWE_Gun_GaussMagnum</li>
					<li>VWEFT_Gun_HeavyRevolver</li>
					<li>VWEFT_Gun_VolcanicPistol</li>
					<li>VWEFT_Gun_FrontierPistol</li>
					<li>VWE_Gun_Taser</li>
					<li>VWE_Gun_RubberBulletPistol</li>
					<li>VWE_Gun_DartGun</li>
				</value>
		</li>
		<li Class="PatchOperationAdd">
			<xpath>/Defs/TorannMagic.WeaponCategoryList[defName='TM_Category_Rifles']/weaponDefNames</xpath>
				<value>
					<li>VWE_Gun_GaussRifle</li>
					<li>VWE_Gun_GaussLance</li>
					<li>VWEFT_Gun_RollingBlockRifle</li>
					<li>BS_GiantMusket</li>
					<li>AG_ForsakenSniper</li>
					<li>AG_ForsakenAssaultRifle</li>
					<li>AG_ForsakenHydra</li>
				</value>
		</li>
		<li Class="PatchOperationAdd">
			<xpath>/Defs/TorannMagic.WeaponCategoryList[defName='TM_Category_Shotguns']/weaponDefNames</xpath>
				<value>
					<li>VWEFT_Gun_RepeatingShotgun</li>
					<li>AG_ForsakenShotgun</li>
				</value>
		</li>
		<li Class="PatchOperationAdd">
			<xpath>/Defs/TorannMagic.WeaponCategoryList[defName='TM_Category_Bows']/weaponDefNames</xpath>
				<value>
					<li>DevDesigner_DarkElves_Crossbow</li>
					<li>DevDesigner_WoodElves_Bow</li>
					<li>DevDesigner_WoodElves_Greatbow</li>
					<li>DevDesigner_WoodElves_RecurveBow</li>
					<li>DevDesigner_HighElves_Longbow</li>
					<li>AG_ForsakenBow</li>
				</value>
		</li>
		</operations>
	</Operation>
</Patch>
	
