<?xml version="1.0" encoding="utf-8" ?>
<Defs>

  <FactionDef Name="AmazonFactionBase" ParentName="FactionBase">
    <defName>Amazon</defName>
	
    <label>amazons</label>
    <description>A small tribe of Amazonian warriors. They are hostile to most other factions.</description>
    <pawnSingular>amazon</pawnSingular>
    <pawnsPlural>amazons</pawnsPlural>
    <listOrderPriority>10</listOrderPriority>
    <settlementGenerationWeight>2</settlementGenerationWeight>
    <requiredCountAtGameStart>0</requiredCountAtGameStart>
    <maxCountAtGameStart>1</maxCountAtGameStart>
    <canMakeRandomly>false</canMakeRandomly>
    <canSiege>false</canSiege>
    <canStageAttacks>true</canStageAttacks>
    <leaderTitle>queen</leaderTitle>
    <factionIconPath>Things/World/Amazon</factionIconPath>
    <factionNameMaker>NamerFactionPirate</factionNameMaker>
    <settlementNameMaker>NamerSettlementPirate</settlementNameMaker>
	<naturalEnemy>false</naturalEnemy>
	
	
    <colorSpectrum>
      <li>(0, 0.78, 0.27)</li>
      <li>(0.74, 1, 0.83)</li>
    </colorSpectrum>
	<baseTraderKinds>
      <li>Base_Empire_Standard</li>
    </baseTraderKinds>
    <permanentEnemy>false</permanentEnemy>
    <techLevel>Neolithic</techLevel>
    <allowedCultures><li>Kriminul</li></allowedCultures>
    <requiredMemes>
      <li MayRequire="Ludeon.RimWorld.Ideology">FemaleSupremacy</li>
      <li MayRequire="Ludeon.RimWorld.Ideology">Raider</li>
    </requiredMemes>
    <allowedMemes>
      <li MayRequire="Ludeon.RimWorld.Ideology">PainIsVirtue</li>
      <li MayRequire="Ludeon.RimWorld.Ideology">FleshPurity</li>
    </allowedMemes>
    <structureMemeWeights>
      <Structure_Ideological MayRequire="Ludeon.RimWorld.Ideology">1</Structure_Ideological>
    </structureMemeWeights>
    <xenotypeSet>
      <xenotypeChances>
      <Neanderthal MayRequire="Ludeon.RimWorld.Biotech">0.00</Neanderthal>
      <Hussar MayRequire="Ludeon.RimWorld.Biotech">0.00</Hussar>
      <Pigskin MayRequire="Ludeon.RimWorld.Biotech">0.00</Pigskin>
      <Yttakin MayRequire="Ludeon.RimWorld.Biotech">0.00</Yttakin>
      <Genie MayRequire="Ludeon.RimWorld.Biotech">0.00</Genie>
      <Dirtmole MayRequire="Ludeon.RimWorld.Biotech">0.00</Dirtmole>
      <Highmate MayRequire="Ludeon.RimWorld.Biotech">0.00</Highmate>
      </xenotypeChances>
    </xenotypeSet>
    <backstoryFilters>
      <li>
        <categories>
          <li>Pirate</li>
        </categories>
      </li>
    </backstoryFilters>
    <allowedArrivalTemperatureRange>-40~45</allowedArrivalTemperatureRange>
	<raidCommonalityFromPointsCurve>
      <points>
        <li>(0, 1)</li> <!--Constant 1 at all points levels-->
      </points>
    </raidCommonalityFromPointsCurve>
    <raidLootMaker>AmazonRaidLootMaker</raidLootMaker>
    <maxPawnCostPerTotalPointsCurve>
      <points>
        <li>(0,35)</li>
        <li>(70, 50)</li>
        <li>(700, 100)</li>
        <li>(1300, 150)</li>
        <li>(100000, 10000)</li>
      </points>
    </maxPawnCostPerTotalPointsCurve>

    <pawnGroupMakers>
      <li>
        <!-- Normal fights -->
        <kindDef>Combat</kindDef>
        <commonality>100</commonality>
        <options>
          <AmazonFighter>5</AmazonFighter>
          <AmazonFighter>3.5</AmazonFighter>
          <AmazonFighter>2</AmazonFighter>
          <AmazonFighter>4</AmazonFighter>
        </options>
      </li>
	  
	  <li>
        <!-- Base defense, mainly ranged with melee mix-ins -->
        <kindDef>Settlement</kindDef>
        <options>
          <AmazonFighter>10</AmazonFighter>
          <AmazonFighter>8</AmazonFighter>
          <AmazonFighter>4</AmazonFighter>
          <AmazonFighter>2</AmazonFighter>
        </options>
      </li>

    </pawnGroupMakers>

    <settlementTexturePath>World/WorldObjects/DefaultSettlement</settlementTexturePath>
    <maxConfigurableAtWorldCreation>9999</maxConfigurableAtWorldCreation>
    <configurationListOrderPriority>60</configurationListOrderPriority>
  </FactionDef>

  <ThingSetMakerDef>
    <defName>AmazonRaidLootMaker</defName>
    <root Class="ThingSetMaker_MarketValue">
      <fixedParams>
        <filter>
          <thingDefs>
            <li>Gold</li>
            <li>MedicineUltratech</li>
            <li>MealSurvivalPack</li>
          </thingDefs>
        </filter>
      </fixedParams>
    </root>
  </ThingSetMakerDef>

</Defs>