<?xml version="1.0" encoding="UTF-8"?>
<Defs>

  <HediffDef ParentName="PsycastHediffBase">
    <defName>CA_Fortitude</defName>
    <label>Cosmic Barrier</label>
    <description>This ability creates a formidable barrier around the recepient reducing the damage from a variety of damage types temporarily.</description>
    <isBad>false</isBad>
    <stages>
      <li>
        <capacityFactorEffectMultiplier>PsychicSensitivity</capacityFactorEffectMultiplier>
		<statOffsets>
			<ArmorRating_Sharp>0.22</ArmorRating_Sharp>
			<ArmorRating_Blunt>0.24</ArmorRating_Blunt>
			<ArmorRating_Heat>0.20</ArmorRating_Heat> 			
			<MentalBreakThreshold>-0.1</MentalBreakThreshold>
			<PainShockThreshold>0.10</PainShockThreshold>
		</statOffsets>
      </li>
    </stages>
  </HediffDef>
  
  <HediffDef ParentName="PsycastHediffBase">
    <defName>CA_CosmicAffinity</defName>
    <label>Cosmic Affinity</label>
    <description>Increases the pawns affinity with cosmic energies, enhancing crafting abilities and general labour skills.</description>
    <initialSeverity>0.1</initialSeverity>
	<isBad>false</isBad>
	<stages>
	<li>
		<statOffsets>
		<PsychicEntropyRecoveryRate>0.10</PsychicEntropyRecoveryRate>			
		<WorkSpeedGlobal>0.30</WorkSpeedGlobal>
		<SurgerySuccessChanceFactor>0.1</SurgerySuccessChanceFactor>
		<GeneralLaborSpeed>0.2</GeneralLaborSpeed>
		</statOffsets>
		<capMods>
			<li>
				<capacity>Manipulation</capacity>
				<postFactor>1.4</postFactor>
			</li>
			<li>
				<capacity>Consciousness</capacity>
				<postFactor>1.1</postFactor>
			</li>
			<li>
				<capacity>Sight</capacity>
				<postFactor>1.5</postFactor>
			</li>
			<li>
				<capacity>Hearing</capacity>
				<postFactor>1.5</postFactor>
			</li>
		</capMods>
	</li>
	</stages>

  </HediffDef>
  
</Defs>