<?xml version="1.0" encoding="utf-8" ?>
<Defs>
  
  <XenotypeDef>
    <defName>Athenian</defName>
    <label>athenian</label>
    <description>Athletic, tall and beautiful.  Most Athenians are revered for their vitality, strength and fortitude.</description>
    <descriptionShort>Athletic, tall and beautiful.  Most Athenians are revered for their vitality, strength and fortitude.</descriptionShort>
    <inheritable>true</inheritable>
	<iconPath>UI/Icons/Xenotypes/Highmate</iconPath>
    <combatPowerFactor>1.0</combatPowerFactor>
    <canGenerateAsCombatant>false</canGenerateAsCombatant>
	<factionlessGenerationWeight>0</factionlessGenerationWeight>
    <genes>     
      <li>AZMetaAdjustMax100</li>
	  <li>Body_Standard</li>	  
      <li>AG_Female</li>      
      <li>AG_Beauty_Angelic</li>
	  <li>AG_RegenerationMinor</li>
	  <li>AG_FastGestation</li>
	  <li>AG_PackMule</li>	  
      <li>PsychicAbility_Enhanced</li>
	  <li>Immunity_Strong</li>
	  <li>Robust</li>      
      <li>Libido_High</li>	  
	  <li>ToxicEnvironmentResistance_Partial</li>
	  <li>StrongStomach</li>
      <li>RobustDigestion</li>
      <li>MinTemp_SmallDecrease</li>
      <li>MaxTemp_SmallIncrease</li>
    </genes>
  </XenotypeDef>

</Defs>