<?xml version="1.0" encoding="utf-8" ?>

<Defs>

	<ThoughtDef>
		<defName>WSSS_NEGATIVE_VOMIT</defName>
		<durationDays>2</durationDays>
		<stackLimit>99</stackLimit>
		<stackedEffectMultiplier>0.4</stackedEffectMultiplier>
		<stages>
			<li>
				<label>forced to vomit</label>
				<description>I was forced to vomit aginst my will and feel embarrassed and humiliated as a consequence.</description>
				<baseMoodEffect>-5</baseMoodEffect>
			</li>
		</stages>
	</ThoughtDef>

	<ThoughtDef>
		<defName>WSSS_NEGATIVE_VOMIT_MASOCHIST</defName>
		<durationDays>1</durationDays>
		<stackLimit>5</stackLimit>
		<stackedEffectMultiplier>0.2</stackedEffectMultiplier>
		<stages>
			<li>
				<label>enjoyed vomiting</label>
				<description>I was forced to vomit against my will and as a masochist, I enjoyed the sensation.</description>
				<baseMoodEffect>5</baseMoodEffect>
			</li>
		</stages>
	</ThoughtDef>

</Defs>
