﻿<?xml version="1.0" encoding="utf-8"?>
<ModMetaData>
  <name>Pink Pox</name>
  <packageId>Slug.PinkPox151</packageId>
  <author>WebSlug</author>
  <url></url>
  <supportedVersions>
	<li>1.5</li>
	<li>1.6</li>
  </supportedVersions>
  <modVersion>1.6</modVersion>
  <modDependencies>
	<li>
		<packageId>brrainz.harmony</packageId>
		<displayName>Harmony</displayName>
		<steamWorkshopUrl>steam://url/CommunityFilePage/2009463077</steamWorkshopUrl>
		<downloadUrl>https://github.com/pardeike/HarmonyRimWorld/releases/latest</downloadUrl>

	</li>
  </modDependencies>
	<loadAfter>
		<li>Ludeon.RimWorld</li>
		<li>Ludeon.RimWorld.Royalty</li>
		<li>Ludeon.RimWorld.Ideology</li>
		<li>Ludeon.RimWorld.Biotech</li>
		<li>brrainz.harmony</li>
		<li>OskarPotocki.VanillaFactionsExpanded.Core</li>				
		<li>vanillaexpanded.achievements</li>
		<li>VanillaExpanded.VPsycastsE</li>
		<li>VanillaExpanded.VPersonaWeaponsE</li>
		
	</loadAfter>
  <description><![CDATA[<size=18><color=#87CEFA>Description</color></size>
* Adds a new affliction known as Pink Pox which slowly regresses individuals.

Pink Pox is a progressive, neurodegenerative disease that silently stalks your colony. Believed to be the result of clandestine bioengineering, this mysterious affliction spreads indiscriminately — but its effects are anything but fair.

While both males and females can carry and transmit the disease, only male pawns exhibit symptoms. Over time, those infected will undergo severe cognitive and physical regression, eventually transforming into helpless, childlike shells of their former selves. The final stages leave the afflicted barely capable of basic speech or self-care, fully dependent on others for survival.

Rumors from ancient comms traffic speak of a secret lab, a weaponized genome, and a twisted goal: to disempower male populations across the Rim without harming females — who remain biologically immune.

As the disease spreads through your colony, you must act quickly. Develop cures, manage outbreaks, and make hard decisions about those already too far gone...

* Adds a new event and injectable and associated cure to infect a pawn with Pink Pox.
* Configurable in the Mod Settings


]]>
</description>
</ModMetaData>