<?xml version="1.0" encoding="UTF-8"?>
<Defs>
  <HediffDef>
    <hediffClass>HediffWithComps</hediffClass>
    <defName>WSGIY_Injector_Effect</defName>
    <description>A syringe containing a large amount of viscous fluid which is guaranteed to impregnate whoever injects it into themself.</description>
    <label>Inseminator Syringe</label>
    <maxSeverity>1.0</maxSeverity>
    <stages>
      <li>
        <naturalHealingFactor>100</naturalHealingFactor>
        <totalBleedFactor>0.5</totalBleedFactor>
      </li>
    </stages>
    <comps>
      <li Class="HediffCompProperties_SeverityPerDay">
        <severityPerDay>-2.5</severityPerDay>
      </li>
      <!--2,500 ticks per hour in game-->
      <li Class="HediffCompProperties_Disappears">
        <disappearsAfterTicks>2900~3500</disappearsAfterTicks>
      </li>
    </comps>
  </HediffDef>
  
  <ThingDef ParentName="MakeableDrugPillBase">
    <defName>WSGIY_Injector</defName>
    <label>Inseminator Syringe</label>
    <description>A syringe containing a large amount of viscous fluid which is guaranteed to impregnate whoever injects it into themself.</description>
    <possessionCount>0</possessionCount>
    <descriptionHyperlinks>
      <HediffDef>WSGIY_Injector_Effect</HediffDef>
    </descriptionHyperlinks>
    <graphicData>
      <texPath>Injector/GIY</texPath>
      <graphicClass>Graphic_StackCount</graphicClass>
    </graphicData>
	<useHitPoints>true</useHitPoints>
    <socialPropernessMatters>false</socialPropernessMatters>
    <rotatable>false</rotatable>
    <statBases>
      <WorkToMake>1400</WorkToMake>
      <MarketValue>7</MarketValue>
	  <Mass>0.005</Mass>
      <Flammability>0.7</Flammability>
	  <MaxHitPoints>80</MaxHitPoints>
    </statBases>
    <techLevel>Industrial</techLevel>
    <ingestible>
      <drugCategory>Medical</drugCategory>
		<outcomeDoers>
		  <li Class="WSGIY.IngestionOutcomeDoer_Impregnate"/>
		</outcomeDoers>
    </ingestible>
    <recipeMaker>
      <researchPrerequisite>PenoxycylineProduction</researchPrerequisite>
      <recipeUsers>
        <li>DrugLab</li>
      </recipeUsers>
    </recipeMaker>
    <costList>
      <MedicineIndustrial>1</MedicineIndustrial>
    </costList>
    <comps>
      <li Class="CompProperties_Drug">
        <listOrder>1000</listOrder>
        <overdoseSeverityOffset>0.08~0.14</overdoseSeverityOffset>
      </li>
    </comps>
  </ThingDef>
  
</Defs>
