<?xml version="1.0" encoding="utf-8" ?>
<Defs>

  <FactionDef Name="AmazonFactionBase" ParentName="FactionBase">
    <defName>Amazon</defName>
	
    <label>amazons</label>
    <description>The Amazon warriors are a fierce and technologically advanced tribe of women who dominate the dense jungles of their homeworld. They are skilled hunters and warriors, using modified bows that fire incapacitating arrows and wield blunt weapons designed to incapacitate rather than kill. Their society is matriarchal, with women holding positions of power and authority. They value strength, discipline, and loyalty, and are fiercely protective of their territory and resources. The Amazon Warriors are known for their fearsome reputation and their ability to subdue and enslave those who dare to cross them.</description>
    <pawnSingular>amazon</pawnSingular>
    <pawnsPlural>amazons</pawnsPlural>
    <listOrderPriority>30</listOrderPriority>
    <settlementGenerationWeight>2</settlementGenerationWeight>
    <requiredCountAtGameStart>1</requiredCountAtGameStart>
    <maxConfigurableAtWorldCreation>9999</maxConfigurableAtWorldCreation>
    <maxCountAtGameStart>1</maxCountAtGameStart>
    <canMakeRandomly>false</canMakeRandomly>
    <canSiege>false</canSiege>
    <canStageAttacks>true</canStageAttacks>
	<autoFlee>false</autoFlee>
    <leaderTitle>queen</leaderTitle>
    <factionIconPath>Things/World/Amazon</factionIconPath>
    <factionNameMaker>NamerFactionPirate</factionNameMaker>
    <settlementNameMaker>NamerSettlementPirate</settlementNameMaker>
	<naturalEnemy>false</naturalEnemy>
	<classicIdeo>false</classicIdeo>
	<leaderForceGenerateNewPawn>true</leaderForceGenerateNewPawn>
	<fixedName>Amazons</fixedName>
	<techLevel>Industrial</techLevel>
	<hidden>false</hidden>
	
	<fixedLeaderKinds>
      <li>AMA_Royal_Queen</li>
    </fixedLeaderKinds>
	<royalTitleTags>
      <li>AmazonTitle</li>
    </royalTitleTags>
	<royalTitleInheritanceWorkerClass>RoyalTitleInheritanceWorker</royalTitleInheritanceWorkerClass>

    <royalTitleInheritanceRelations>
      <li>Child</li>
      <li>Grandchild</li>
      <li>GreatGrandchild</li>
      <li>NephewOrNiece</li>
      <li>Spouse</li>
      <li>Sibling</li>
      <li>HalfSibling</li>
      <li>Cousin</li>
      <li>Parent</li>
      <li>UncleOrAunt</li>
    </royalTitleInheritanceRelations>
	<allowedCultures><li>Thracian</li></allowedCultures>
	<modExtensions>
		<li Class="FactionTweaks.FactionOptions">
			<hideFactionLeader>true</hideFactionLeader>
			<!--<leaderNames>
				<li>
					<first>John</first>
					<nick></nick>
					<last>Smith</last>
				</li>
			</leaderNames>-->
			
			<preceptsToAdd>
				<!--li MayRequire="Ludeon.RimWorld.Ideology">Raiding_Respected</li>-->
				<li MayRequire="Ludeon.RimWorld.Ideology">Cannibalism_Disapproved</li>
				<li MayRequire="Ludeon.RimWorld.Ideology">Slavery_Honorable</li>			
				<li MayRequire="Ludeon.RimWorld.Ideology">Corpses_DontCare</li>
				<li MayRequire="Ludeon.RimWorld.Ideology">WorkDrive_Tripled</li>
				<li MayRequire="Ludeon.RimWorld.Ideology">IdeoDiversity_Abhorrent</li>
				<li MayRequire="Ludeon.RimWorld.Ideology">MarriageName_AlwaysWomans</li>
				<li MayRequire="Ludeon.RimWorld.Ideology">SpouseCount_Male_MaxTwo</li>
				<li MayRequire="Ludeon.RimWorld.Ideology">SpouseCount_Female_Unlimited</li>
				<li MayRequire="Ludeon.RimWorld.Ideology">OrganUse_Acceptable</li>
				<li MayRequire="Ludeon.RimWorld.Ideology">Execution_DontCare</li>
				<li MayRequire="Ludeon.RimWorld.Ideology">Lovin_FreeApproved</li>				
				<li MayRequire="Ludeon.RimWorld.Ideology">Research_VerySlow</li>
				<li MayRequire="Ludeon.RimWorld.Ideology">BodyMod_Approved</li>
				<li MayRequire="Ludeon.RimWorld.Ideology">Apostasy_Abhorrent</li>
				<li MayRequire="Ludeon.RimWorld.Ideology">MiningYield_High</li>
				<li MayRequire="Ludeon.RimWorld.Ideology">MeatEating_Abhorrent</li>
				<li MayRequire="Ludeon.RimWorld.Ideology">DrugUse_MedicalOrSocial</li>
				<li MayRequire="Ludeon.RimWorld.Ideology">Proselytizing_Frequently</li>

			</preceptsToAdd>
			
			<hasUniqueIdeo>true</hasUniqueIdeo>
			<customIdeoIcon>AZ_AmazonIcon</customIdeoIcon>
			<customIdeoColor>Green</customIdeoColor>			
		</li>

	</modExtensions>
	
    <colorSpectrum>
      <li>(0, 0.78, 0.27)</li>
      <li>(0.74, 1, 0.83)</li>
    </colorSpectrum>
	<baseTraderKinds>
      <li>Base_Empire_Standard</li>
    </baseTraderKinds>
    <caravanTraderKinds>
      <li>Caravan_Neolithic_BulkGoods</li>
      <li>Caravan_Neolithic_WarMerchant</li>
      <li>Caravan_Neolithic_Slaver</li>
      <li>Caravan_Neolithic_ShamanMerchant</li>
    </caravanTraderKinds>
    <visitorTraderKinds>
      <li>Visitor_Outlander_Standard</li>
    </visitorTraderKinds>
    <baseTraderKinds>
      <li>Base_Outlander_Standard</li>
    </baseTraderKinds>
    <permanentEnemy>false</permanentEnemy>
	<allowedArrivalTemperatureRange>-40~45</allowedArrivalTemperatureRange>
    <requiredMemes>
      <li MayRequire="Ludeon.RimWorld.Ideology">FemaleSupremacy</li>
      <li MayRequire="Ludeon.RimWorld.Ideology">Raider</li>
	  <li MayRequire="Ludeon.RimWorld.Ideology">Supremacist</li>
    </requiredMemes>
    <allowedMemes>
      <li MayRequire="Ludeon.RimWorld.Ideology">PainIsVirtue</li>
      <li MayRequire="Ludeon.RimWorld.Ideology">Transhumanist</li>
    </allowedMemes>
	<disallowedPrecepts>
      <li MayRequire="Ludeon.RimWorld.Ideology">Nudity_Male_CoveringAnythingButGroinDisapproved</li>
      <li MayRequire="Ludeon.RimWorld.Ideology">Nudity_Female_CoveringAnythingButGroinDisapproved</li>
    </disallowedPrecepts>
    <structureMemeWeights>
      <Structure_Ideological MayRequire="Ludeon.RimWorld.Ideology">1</Structure_Ideological>
    </structureMemeWeights>
    <xenotypeSet>
      <xenotypeChances>
      <Neanderthal MayRequire="Ludeon.RimWorld.Biotech">0.00</Neanderthal>
      <Hussar MayRequire="Ludeon.RimWorld.Biotech">0.00</Hussar>
      <Pigskin MayRequire="Ludeon.RimWorld.Biotech">0.00</Pigskin>
      <Yttakin MayRequire="Ludeon.RimWorld.Biotech">0.00</Yttakin>
      <Genie MayRequire="Ludeon.RimWorld.Biotech">0.00</Genie>
      <Dirtmole MayRequire="Ludeon.RimWorld.Biotech">0.00</Dirtmole>
      <Highmate MayRequire="Ludeon.RimWorld.Biotech">0.00</Highmate>
      </xenotypeChances>
    </xenotypeSet>
	<permanentEnemyToEveryoneExcept>
      <li>PlayerTribe</li>
      <li>PlayerColony</li>
      <li MayRequire="Ludeon.RimWorld.Ideology">Beggars</li>
      <li MayRequire="Ludeon.RimWorld.Anomaly">ResearchExpedition</li>
    </permanentEnemyToEveryoneExcept>
    <backstoryFilters>
      <li>
        <categories>
          <li>Amazon</li>
        </categories>
      </li>
    </backstoryFilters>
	<raidCommonalityFromPointsCurve>
      <points>
        <li>(0, 1)</li> <!--Constant 1 at all points levels-->
      </points>
    </raidCommonalityFromPointsCurve>
    <raidLootMaker>AmazonRaidLootMaker</raidLootMaker>
    <maxPawnCostPerTotalPointsCurve>
      <points>
        <li>(0,35)</li>
        <li>(70, 50)</li>
        <li>(700, 100)</li>
        <li>(1300, 150)</li>
        <li>(100000, 10000)</li>
      </points>
    </maxPawnCostPerTotalPointsCurve>

    <pawnGroupMakers>
      <li>
        <!-- Normal fights -->
        <kindDef>Combat</kindDef>
        <commonality>100</commonality>
		<disallowedStrategies>
          <li>Siege</li>                    
        </disallowedStrategies>
        <options>
          <AmazonFighter>5</AmazonFighter>
          <AmazonFighter>3.5</AmazonFighter>
          <AmazonFighter>2</AmazonFighter>
          <AmazonFighter>4</AmazonFighter>
        </options>
      </li>
	  <li>
        <!-- breach fights -->
        <kindDef>Combat</kindDef>
        <commonality>10</commonality>
		<disallowedStrategies>
          <li>Siege</li>          
        </disallowedStrategies>
        <options>
          <AmazonFighter>5</AmazonFighter>
          <AmazonFighter>3.5</AmazonFighter>
          <AmazonFighter>2</AmazonFighter>
          <AmazonFighter>4</AmazonFighter>
        </options>
      </li>
	  
	  <li>
        <!-- Base defense, mainly ranged with melee mix-ins -->
        <kindDef>Settlement</kindDef>
        <options>
          <AmazonFighter>10</AmazonFighter>
          <AmazonFighter>8</AmazonFighter>
          <AmazonFighter>4</AmazonFighter>
          <AmazonFighter>2</AmazonFighter>
        </options>
      </li>
	  <li>
        <kindDef>Peaceful</kindDef>
        <options>
          <Villager>20</Villager>
          <Villager_Child MayRequire="Ludeon.RimWorld.Biotech">10</Villager_Child>
          <Town_Guard>10</Town_Guard>
          <Town_Councilman>10</Town_Councilman>
        </options>
      </li>
	  <li>
        <kindDef>Trader</kindDef>
        <traders>
          <Town_Trader>1</Town_Trader>
        </traders>
        <carriers>
          <Muffalo>6</Muffalo>
          <Dromedary>5</Dromedary>
          <Alpaca>2</Alpaca>
          <Elephant>1</Elephant>
        </carriers>
        <guards>
          <Villager>3</Villager>
          <AmazonFighter>10</AmazonFighter>
          <Grenadier_Destructive>1.5</Grenadier_Destructive>
          <AmazonFighter>7</AmazonFighter>
          <AmazonFighter>10</AmazonFighter>
          <AmazonFighter>10</AmazonFighter>
        </guards>
      </li>
    </pawnGroupMakers>
    <disallowedRaidAgeRestrictions>
      <li MayRequire="Ludeon.RimWorld.Biotech">Children</li>
    </disallowedRaidAgeRestrictions>
    <settlementTexturePath>World/WorldObjects/DefaultSettlement</settlementTexturePath>
    <configurationListOrderPriority>10</configurationListOrderPriority>
  </FactionDef>

   <IdeoIconDef>
    <defName>AZ_AmazonIcon</defName>
    <iconPath>Things/World/AZLogoStar_2</iconPath>
	<cultures>
      <li MayRequire="Ludeon.RimWorld.Ideology">Thracian</li>
    </cultures>
	<memes>
      <li MayRequire="Ludeon.RimWorld.Ideology">Supremacist</li>
	  <li MayRequire="Ludeon.RimWorld.Ideology">FemaleSupremacy</li>
    </memes>
  </IdeoIconDef>

  <ThingSetMakerDef>
    <defName>AmazonRaidLootMaker</defName>
    <root Class="ThingSetMaker_MarketValue">
      <fixedParams>
        <filter>
          <thingDefs>
            <li>Gold</li>
            <li>MedicineIndustrial</li>
            <li>MealSurvivalPack</li>
          </thingDefs>
        </filter>
      </fixedParams>
    </root>
  </ThingSetMakerDef>

  <RulePackDef>
    <defName>NamerFactionMatriarchy</defName>
    <include>
      <li>EmpireNameUtility</li>
    </include>
    <rulePack>
      <rulesStrings>
        <li>r_name(p=2)->[empire] of [ofThing]</li>
        <li>r_name(p=2)->The [empire] of [ofThing]</li>
        <li>r_name->The Exodus [empire]</li>
        <li>r_name->The Refugee [empire]</li>
        <li>r_name->The Broken [empire]</li>
        <li>r_name->The Shattered [empire]</li>
        <li>r_name->The Fallen [empire]</li>
        <li>r_name->The [Color] [empire]</li>

        <li>empire(p=4)->Empire</li>
        <li>empire->Commonwealth</li>
        <li>empire->Imperium</li>
        <li>empire->Dominion</li>
        <li>empire->Sovereignty</li>

        <li>ofThing(p=4)->[WordImperial]</li>
        <li>ofThing->the Sun</li>
        <li>ofThing->the Moon</li>
        <li>ofThing->the Universe</li>
        <li>ofThing->God</li>
        <li>ofThing->Perfection</li>
        <li>ofThing->Eternity</li>
        <li>ofThing->the Spirit</li>
      </rulesStrings>
    </rulePack>
  </RulePackDef>

</Defs>