﻿<?xml version="1.0" encoding="utf-8"?>
<ModMetaData>
  <name>Amazons</name>
  <packageId>Slug.Amazon1</packageId>
  <author>WebSlug</author>
  <url>https://steamcommunity.com/sharedfiles/filedetails/?id=3001474254</url>
  <supportedVersions>
	<li>1.5</li>
	<li>1.6</li>
  </supportedVersions>
  <modVersion>1.6</modVersion>
  <modDependencies>
    <li>
      <packageId>Ludeon.RimWorld.Royalty</packageId>
      <displayName>Royalty</displayName>
      <steamWorkshopUrl>https://store.steampowered.com/app/1149640/RimWorld__Royalty/</steamWorkshopUrl>
    </li>
  </modDependencies>
	<loadAfter>
		<li>Ludeon.RimWorld</li>
		<li>Ludeon.RimWorld.Royalty</li>
		<li>Ludeon.RimWorld.Ideology</li>
		<li>Ludeon.RimWorld.Odyssey</li>
		<li>Ludeon.RimWorld.Biotech</li>
		<li>Ludeon.RimWorld.Anomaly</li>
		<li>brrainz.harmony</li>
		<li>OskarPotocki.VanillaFactionsExpanded.Core</li>
		<li>OskarPotocki.VFE.Empire</li>
		<li>Mlie.KVConfigurableMaps</li>
		<li>VanillaExpanded.VPsycastsE</li>
		<li>sarg.alphagenes</li>			
	</loadAfter>
  <description><![CDATA[
<size=18><color=#87CEFA>Description</color></size>
Adds a new potential ally or enemy faction on the map known as the Amazons. 

<size=18><color=#87CEFA>Objective</color></size>
Can you defeat the female supremacist horde of Amazon warriors who are determined to conquer the planet?

<size=18><color=#87CEFA>Requirements</color></size>
Harmony
Royalty

<size=18><color=#87CEFA>Updates 6th August 2025</color></size>
Compatible with Alpha Genes.
Corrected some raiding issues.
Added a new race which utilizes Alpha Genes.
Corrected compatibility with Rim of Magic thanks to furel for the fix.
Fixed compatibility with Vanilla Factions Expanded Empire.

<size=18><color=#87CEFA>Updates 27th July 2025</color></size>
Compatible with 1.6

<size=18><color=#87CEFA>Updates 9th April 2025</color></size>
Mancatcher stunning weapon and nightingale bow added.
Fixed the duplicate techlevel entry in the Amazon faction def.

<size=18><color=#87CEFA>Updates 15th December 2024</color></size>
Rank system added
Amazon tribes will now visit friendly colonies

<size=18><color=#87CEFA>Updates 15th November 2024</color></size>
Amazon settlements have a 30% chance to spread.
Amazon tribes will conquer other settlements and capture them.

<size=18><color=#87CEFA>Conflicts</color></size>
Vanilla Factions Expanded Empire
]]>
</description></ModMetaData>