<?xml version="1.0" encoding="utf-8" ?>
<Defs>

  <ThingDef ParentName="BaseMeleeWeapon_Blunt_Quality">
    <defName>AMA_MeleeWeapon_Manbasher</defName>
    <label>Man Basher</label>
    <description>A refined club, engineered and perfected by the Amazon tribes designed to crush testicles.</description>
    <possessionCount>1</possessionCount>
    <graphicData>
      <texPath>Things/Item/Equipment/WeaponMelee/Mace</texPath>
      <graphicClass>Graphic_Single</graphicClass>
    </graphicData>
    <uiIconScale>1.2</uiIconScale>
    <techLevel>Industrial</techLevel>
    <costStuffCount>50</costStuffCount>
    <statBases>
      <WorkToMake>16000</WorkToMake>
      <Mass>1.45</Mass>
    </statBases>
    <equippedAngleOffset>-65</equippedAngleOffset>
    <recipeMaker>
      <researchPrerequisite>Smithing</researchPrerequisite>
      <skillRequirements>
        <Crafting>3</Crafting>
      </skillRequirements>
      <displayPriority>400</displayPriority>
    </recipeMaker>
    <stuffCategories>
      <li>Metallic</li>
      <li>Woody</li>
    </stuffCategories>
    <weaponTags>
      <li>Amazon_Melee</li>
    </weaponTags>
    <weaponClasses>
      <li>Melee</li>
    </weaponClasses>
	<tradeTags>
		<li>ExoticMisc</li>
	</tradeTags>
    <tools>
      <li>
        <label>handle</label>
        <capacities>
          <li>Poke</li>
        </capacities>
        <power>9</power>
        <cooldownTime>2</cooldownTime>
      </li>
      <li>
        <label>head</label>
        <labelUsedInLogging>false</labelUsedInLogging>
        <capacities>
          <li>Blunt</li>
        </capacities>
        <power>15.7</power>
        <cooldownTime>2</cooldownTime>
      </li>
    </tools>
  </ThingDef>
  
  <ThingDef ParentName="BaseWeapon">
		<defName>AMA_MeleeWeapon_ManCatcher</defName>
		<label>man catcher</label>
		<description>A short malevolent stunning weapon developed by the matriarchal slave queens to enslave roaming human male cattle, it inflicts a short electrical stunning effect in the unfortunate victim. As with all Amazonian weapons the weapon inflicts amplified damage to male targets.\n\nAny non Amazonian male individual who equips this weapon will suffer continuous passive damage.</description>
		<graphicData>
			<texPath>Things/Item/Equipment/baton</texPath>
			<graphicClass>Graphic_Single</graphicClass>
		</graphicData>
		<relicChance>1</relicChance>
		<techLevel>Industrial</techLevel>
		<costList>
			<Steel>40</Steel>
			<ComponentIndustrial>1</ComponentIndustrial>
		</costList>
		<statBases>
			<WorkToMake>16600</WorkToMake>
			<Mass>0.85</Mass>
		</statBases>
		<equippedAngleOffset>-25</equippedAngleOffset>
		<weaponTags>
			<li>Amazon_Melee</li>
		</weaponTags>
		<weaponClasses>
			<li>Melee</li>
		</weaponClasses>
		<tradeTags>
		  <li>ExoticMisc</li>
		</tradeTags>
		<tools>
			<li>
				<label>handle</label>
				<capacities>
					<li>Blunt</li>
					<li>Poke</li>
				</capacities>
				<power>4</power>
				<cooldownTime>1.5</cooldownTime>
			</li>
			<li>
				<label>head</label>
				<capacities>
					<li>Blunt</li>
				</capacities>
				<power>8</power>
				<cooldownTime>1.5</cooldownTime>
				<extraMeleeDamages>
					<li>
						<def>AmazonStun</def>
						<amount>32</amount>
					</li>
				</extraMeleeDamages>
			</li>
		</tools>
		<recipeMaker>
			<researchPrerequisite>GasOperation</researchPrerequisite>
			<skillRequirements>
				<Crafting>6</Crafting>
			</skillRequirements>
			<recipeUsers>
				<li>TableMachining</li>
			</recipeUsers>
		</recipeMaker>
		<thingCategories>
			<li>WeaponsMelee</li>
		</thingCategories>
		<comps>
			 <li Class="Amazon.CompProperties_RecurringEffectOnEquip">
				<effectInterval>600</effectInterval> <!-- 600 ticks = 10 seconds in-game -->
			  </li>
			<li Class="Amazon.CompProperties_MeleeHitTrigger" />
		</comps>
	</ThingDef>

</Defs>