<?xml version="1.0" encoding="utf-8" ?>
<Defs>
  <ThingDef Class="Amazon.ThingDef_PlagueBullet" ParentName="BaseBullet">
    <defName>TST_Bullet_PlagueGun</defName>
    <label>plague bullet</label>
    <graphicData>
      <texPath>Things/Projectile/Bullet_Small</texPath>
      <graphicClass>Graphic_Single</graphicClass>
    </graphicData>
    <projectile>
      <damageDef>Bullet</damageDef>
      <damageAmountBase>2</damageAmountBase>
      <stoppingPower>1</stoppingPower>
      <speed>55</speed>
    </projectile>
	
	<AddHediffChance>0.99</AddHediffChance>
	<HediffToAdd>Plague</HediffToAdd>
	<thingClass>Amazon.Projectile_PlagueBullet</thingClass>	
  </ThingDef>
  
    <ThingDef Class="Amazon.ThingDef_AmazonArrow" ParentName="BaseProjectileNeolithic">
    <defName>Arrow_Amazon</defName>
    <label>amazon arrow</label>
    <graphicData>
      <texPath>Things/Item/Weapons/AmaArrow</texPath>
      <graphicClass>Graphic_Single</graphicClass>
    </graphicData>
    <projectile>
      <damageDef>Arrow</damageDef>
      <damageAmountBase>17</damageAmountBase>
      <stoppingPower>1.5</stoppingPower>
      <armorPenetrationBase>0.16</armorPenetrationBase>
      <speed>49</speed>
    </projectile>
	<thingClass>Amazon.Projectile_AmazonArrow</thingClass>	
  </ThingDef>


  
  <ThingDef ParentName="BaseWeaponNeolithic">
    <defName>Amazon_Bow_Great</defName>
    <label>Amazon Wither Bow</label>
    <description>A variation on the common greatbow. Fires a heavy arrow long distances. The Amazon variant of this greatbow is capable of inflicting a powerful neurotoxin. \n\nAny non Amazonian male individual who equips this weapon will suffer continuous passive damage.</description>
    <graphicData>
      <texPath>Things/Item/Weapons/AmaLongBow</texPath>
      <graphicClass>Graphic_Single</graphicClass>
    </graphicData>
    <soundInteract>Bow_Large</soundInteract>
    <costList>
      <WoodLog>360</WoodLog>
    </costList>
    <thingSetMakerTags><li>RewardStandardQualitySuper</li></thingSetMakerTags>
    <statBases>
      <WorkToMake>19000</WorkToMake>
      <Mass>3.0</Mass>
      <AccuracyTouch>0.65</AccuracyTouch>
      <AccuracyShort>0.85</AccuracyShort>
      <AccuracyMedium>0.75</AccuracyMedium>
      <AccuracyLong>0.55</AccuracyLong>
      <RangedWeapon_Cooldown>1.4</RangedWeapon_Cooldown>
    </statBases>
	<weaponTags>
		<li>AM_Great_Bow</li>
	</weaponTags>
    <weaponClasses>
      <li>Ranged</li>
      <li>RangedHeavy</li>
    </weaponClasses>
    <verbs>
      <li>
        <verbClass>Verb_Shoot</verbClass>
        <hasStandardCommand>true</hasStandardCommand>
        <defaultProjectile>Arrow_Amazon</defaultProjectile>
        <warmupTime>2.0</warmupTime>
        <range>29.9</range>
        <soundCast>Bow_Large</soundCast>
      </li>
    </verbs>
	<tradeTags>
      <li>ExoticMisc</li>
    </tradeTags>
    <tools>
      <li>
        <label>limb</label>
        <capacities>
          <li>Blunt</li>
          <li>Poke</li>
        </capacities>
        <power>9</power>
        <cooldownTime>2</cooldownTime>
      </li>
    </tools>
    <rotateInShelves>false</rotateInShelves>
	<comps>
	 <li Class="Amazon.CompProperties_RecurringEffectOnEquip">
		<effectInterval>600</effectInterval> <!-- 600 ticks = 10 seconds in-game -->
	  </li>
	</comps>
  </ThingDef>
  
  <ThingDef ParentName="BaseWeaponNeolithic">
    <defName>Amazon_Bow_Short</defName>
    <label>Nightingale bow</label>
    <description>The Nightingale Amazon warriors were typially fierce individuals who frequently modified their bows. \n\nAny non Amazonian male individual who equips this weapon will suffer continuous passive damage.</description>
    <possessionCount>1</possessionCount>
    <graphicData>
      <texPath>Things/Item/Weapons/Nightingale</texPath>
      <graphicClass>Graphic_Single</graphicClass>
    </graphicData>
    <soundInteract>Bow_Small</soundInteract>
    <costList>
      <WoodLog>240</WoodLog>
    </costList>
    <statBases>
      <WorkToMake>24000</WorkToMake>
      <Mass>0.8</Mass>
      <AccuracyTouch>0.75</AccuracyTouch>
      <AccuracyShort>0.65</AccuracyShort>
      <AccuracyMedium>0.50</AccuracyMedium>
      <AccuracyLong>0.25</AccuracyLong>
      <RangedWeapon_Cooldown>1.60</RangedWeapon_Cooldown>
    </statBases>
	<weaponTags>
		<li>AM_Short_Bow</li>
	</weaponTags>
    <weaponClasses>
      <li>Ranged</li>
      <li>RangedLight</li>
    </weaponClasses>
    <recipeMaker>
	<recipeUsers>
		<li>TableMachining</li>
	</recipeUsers>
      <skillRequirements>
        <Crafting>8</Crafting>
      </skillRequirements>
      <displayPriority>510</displayPriority>
    </recipeMaker>
    <verbs>
      <li>
        <verbClass>Verb_Shoot</verbClass>
        <hasStandardCommand>true</hasStandardCommand>
        <defaultProjectile>Arrow_Short</defaultProjectile>
        <warmupTime>1.35</warmupTime>
        <range>24.9</range>
        <soundCast>Bow_Small</soundCast>
      </li>
    </verbs>
    <tools>
      <li>
        <label>limb</label>
        <capacities>
          <li>Blunt</li>
          <li>Poke</li>
        </capacities>
        <power>9</power>
        <cooldownTime>2</cooldownTime>
      </li>
    </tools>
    <rotateInShelves>false</rotateInShelves>
  </ThingDef>
  
</Defs>