<?xml version="1.0" encoding="UTF-8"?>
<Defs>

	<VEF.Abilities.AbilityDef ParentName="VPE_PsycastBase">
		<defName>VPETH_PushPower</defName>
		<label>Push power</label>
		<description>Extracts energy from a pawn/mechanoid and stores it in a battery. Requires two targets: a pawn (the victim) and a battery.</description>
		<iconPath>CustomIcons/battery_push</iconPath>
		<abilityClass>VEF.Abilities.Ability_Blank</abilityClass>
		<distanceToTarget>1.5</distanceToTarget>
		<castTime>300</castTime>
		<warmupSound>VPE_Psyring_Warmup</warmupSound>
		<castSound>VPE_Psyring_Cast</castSound>
		<goodwillImpact>-5</goodwillImpact>
		<needsTicking>true</needsTicking>
		<range>18.0</range>
		<hasAoE>false</hasAoE>
		<power>3</power>
		<powerStatFactors>
		<PsychicSensitivity>1</PsychicSensitivity>
		</powerStatFactors>
		<showUndrafted>false</showUndrafted>
		<targetMode IsNull="True" />
		<targetCount>2</targetCount>
		<targetModes>
		  <li>Pawn</li>
		  <li>Thing</li>
		</targetModes>
		<targetingParametersList>
		  <li>
			<canTargetSelf>True</canTargetSelf>
			<canTargetHumans>True</canTargetHumans>
			<canTargetAnimals>True</canTargetAnimals>
			<canTargetMechs>True</canTargetMechs>
			<canTargetBuildings>True</canTargetBuildings>
		  </li>
		  <li>
			<canTargetSelf>False</canTargetSelf>
			<canTargetHumans>False</canTargetHumans>
			<canTargetAnimals>False</canTargetAnimals>
			<canTargetMechs>False</canTargetMechs>
			<canTargetBuildings>True</canTargetBuildings>
		  </li>
		</targetingParametersList>
		<modExtensions>
			<li Class="VanillaPsycastsExpanded.AbilityExtension_Psycast">
				<path>VPETH_PsyMass1</path>
				<level>1</level>
				<order>0</order>
				<psyfocusCost>0.04</psyfocusCost>
				<entropyGain>0.01</entropyGain>

			</li>
			<li Class="PsyMass.AbilityExtension_PushPower"></li>

		</modExtensions>
	</VEF.Abilities.AbilityDef>
	
	<VEF.Abilities.AbilityDef ParentName="VPE_PsycastBase">
		<defName>VPETH_CosmicBolt</defName>
		<label>Cosmic Bolt</label>
		<description>Launches a projectile of randomly scattered material towards the enemy.</description>
		<iconPath>CustomIcons/gear_cosmicbolt</iconPath>
		<abilityClass>VEF.Abilities.Ability_ShootProjectile</abilityClass>
		<distanceToTarget>1.5</distanceToTarget>
		<castTime>40</castTime>
		<durationTime>120</durationTime>
		<castSound>VPE_Flameball_Cast</castSound>
		<targetMode>Pawn</targetMode>
		<goodwillImpact>-10</goodwillImpact>
		<needsTicking>true</needsTicking>
		<range>10.0</range>
		<hasAoE>false</hasAoE>
		<power>1</power>
		<powerStatFactors>
			<PsychicSensitivity>1</PsychicSensitivity>
		</powerStatFactors>
		<targetingParameters>
		  <canTargetPawns>true</canTargetPawns>
		  <canTargetAnimals>true</canTargetAnimals>
		  <canTargetMechs>true</canTargetMechs>
		  <canTargetBuildings>true</canTargetBuildings>
		</targetingParameters>
		<modExtensions>
			<li Class="VanillaPsycastsExpanded.AbilityExtension_Psycast">
				<path>VPETH_PsyMass1</path>
				<level>1</level>
				<order>1</order>
				<psyfocusCost>0.12</psyfocusCost>
				<entropyGain>14</entropyGain>
			</li>
			   <li Class="VEF.Abilities.AbilityExtension_Projectile">
				<projectile>VPE_CosmicBallz</projectile>
				<accuracyStatFactors>
				  <PsychicSensitivity>1</PsychicSensitivity>
				</accuracyStatFactors>
			  </li>
		</modExtensions>
	</VEF.Abilities.AbilityDef>
	
	<VEF.Abilities.AbilityDef ParentName="VPE_PsycastBase">
		<defName>VPETH_PullPower</defName>
		<label>Pull power</label>
		<description>Draws energy from a charged battery to restore the targets energy levels. Requires two targets: a battery and the pawn to deliver the energy to.</description>
		<iconPath>CustomIcons/battery_pull</iconPath>
		<abilityClass>VEF.Abilities.Ability_Blank</abilityClass>
		<distanceToTarget>1.5</distanceToTarget>
		<castTime>400</castTime>
		<warmupSound>VPE_Psyring_Warmup</warmupSound>
		<castSound>VPE_Psyring_Cast</castSound>
		<goodwillImpact>0</goodwillImpact>
		<needsTicking>true</needsTicking>
		<range>18.0</range>
		<hasAoE>false</hasAoE>
		<power>3</power>
		<powerStatFactors>
		<PsychicSensitivity>1</PsychicSensitivity>
		</powerStatFactors>
		<showUndrafted>true</showUndrafted>
		<targetMode IsNull="True" />
		<targetCount>2</targetCount>
		<targetModes>
		  <li>Thing</li>
		  <li>Pawn</li>
		</targetModes>
		<targetingParametersList>
		  <li>
			<canTargetSelf>False</canTargetSelf>
			<canTargetHumans>False</canTargetHumans>
			<canTargetAnimals>False</canTargetAnimals>
			<canTargetMechs>False</canTargetMechs>
			<canTargetBuildings>True</canTargetBuildings>
			<canTargetItems>False</canTargetItems>
		  </li>
		  <li>
			<canTargetSelf>True</canTargetSelf>
			<canTargetHumans>True</canTargetHumans>
			<canTargetAnimals>False</canTargetAnimals>
			<canTargetMechs>True</canTargetMechs>
			<canTargetBuildings>False</canTargetBuildings>
			<canTargetItems>False</canTargetItems>
		  </li>
		</targetingParametersList>
		<modExtensions>
			<li Class="VanillaPsycastsExpanded.AbilityExtension_Psycast">
				<path>VPETH_PsyMass1</path>
				<level>1</level>
				<order>2</order>
				<psyfocusCost>0.04</psyfocusCost>
				<entropyGain>0.01</entropyGain>

			</li>
			<li Class="PsyMass.AbilityExtension_PullPower"></li>

		</modExtensions>
	</VEF.Abilities.AbilityDef>
	
	<VEF.Abilities.AbilityDef ParentName="VPE_PsycastBase">
		<defName>VPETH_LesserBurden</defName>
		<label>Feather Touch</label>
		<description>Feather Touch lowers the density and mass of an object by a small percentage.</description>
		<iconPath>CustomIcons/age_feather</iconPath>
		<abilityClass>VEF.Abilities.Ability_Blank</abilityClass>
		<distanceToTarget>1.5</distanceToTarget>
		<castTime>320</castTime>
		<durationTime>60</durationTime>
		<castSound>VPE_MindWipe_Cast</castSound>
		<targetMode>Location</targetMode>
		<goodwillImpact>0</goodwillImpact>
		<needsTicking>true</needsTicking>
		<range>5.0</range>		
		<hasAoE>false</hasAoE>
		<power>2</power>
		<powerStatFactors>
			<PsychicSensitivity>1</PsychicSensitivity>
		</powerStatFactors>
		<targetingParameters>
		  <canTargetItems>true</canTargetItems>
		  <mapObjectTargetsMustBeAutoAttackable>false</mapObjectTargetsMustBeAutoAttackable>
		  <thingCategory>Item</thingCategory>
		  <canTargetLocations>false</canTargetLocations>
		  <canTargetPawns>false</canTargetPawns>
		  <canTargetBuildings>false</canTargetBuildings>
		</targetingParameters>
		<modExtensions>
			<li Class="VanillaPsycastsExpanded.AbilityExtension_Psycast">
				<path>VPETH_PsyMass1</path>
				<level>2</level>
				<order>0</order>
				<psyfocusCost>0.10</psyfocusCost>
				<entropyGain>0.04</entropyGain>
				<prerequisites>
					<li>VPETH_CosmicBolt</li>
					<li>VPETH_PullPower</li>
					<li>VPETH_PushPower</li>
				</prerequisites>
			</li>
			<li Class="PsyMass.AbilityExtentsion_LesserBurden"></li>
			   <li Class="VEF.Abilities.AbilityExtension_EffecterOnTarget">
				<effecterDef>Skip_Exit</effecterDef>
				<maintainForTicks>60</maintainForTicks>
				<scale>0.42</scale>
			  </li>
		</modExtensions>
	</VEF.Abilities.AbilityDef>
	
	<VEF.Abilities.AbilityDef ParentName="VPE_PsycastBase">
		<defName>VPETH_DenseBuilding</defName>
		<label>Fortify Structure</label>
		<description>The Cosmic Architect can atomically reinforce walls, doors, and furniture, increasing their durability. With each additional level the Cosmic Architect can retroactively add a further 1000 hitpoints.</description>
		<iconPath>CustomIcons/density</iconPath>
		<abilityClass>VEF.Abilities.Ability_Blank</abilityClass>
		<distanceToTarget>1.5</distanceToTarget>
		<castTime>140</castTime>
		<targetMode>Thing</targetMode>
		<goodwillImpact>0</goodwillImpact>
		<needsTicking>true</needsTicking>
		<range>18.0</range>
		<radius>1.2</radius>
		<hasAoE>false</hasAoE>
		<power>2</power>
		<powerStatFactors>
		<PsychicSensitivity>1</PsychicSensitivity>
		</powerStatFactors>
		<targetingParameters>
			<canTargetSelf>false</canTargetSelf>
			<canTargetAnimals>false</canTargetAnimals>
			<canTargetMechs>false</canTargetMechs>
			<canTargetHumans>false</canTargetHumans>
			<canTargetBuildings>true</canTargetBuildings>
			<canTargetItems>false</canTargetItems>
        </targetingParameters>
		<modExtensions>
			<li Class="VanillaPsycastsExpanded.AbilityExtension_Psycast">
				<path>VPETH_PsyMass1</path>
				<level>2</level>
				<order>1</order>
				<psyfocusCost>0.05</psyfocusCost>
				<entropyGain>0.2</entropyGain>
				<prerequisites>
					<li>VPETH_CosmicBolt</li>
					<li>VPETH_PullPower</li>
					<li>VPETH_PushPower</li>
				</prerequisites>
			</li>
			<li Class="PsyMass.AbilityExtension_DenseBuilding"></li>

		</modExtensions>
		
	</VEF.Abilities.AbilityDef>
	
	<VEF.Abilities.AbilityDef ParentName="VPE_PsycastBase">
		<defName>VPETH_CosmicBarrier</defName>
		<label>Cosmic Barrier</label>
		<description>This ability creates a formidable barrier around the recepient reducing the damage from a variety of damage types temporarily.</description>
		<iconPath>CustomIcons/gear_strong</iconPath>
		<abilityClass>VEF.Abilities.Ability_Blank</abilityClass>
		<distanceToTarget>1.5</distanceToTarget>
		<castTime>360</castTime>
		<durationTime>12000</durationTime>
		<castSound>VPE_Bliss_Cast</castSound>
		<targetMode>Pawn</targetMode>
		<goodwillImpact>0</goodwillImpact>
		<needsTicking>true</needsTicking>
		<range>9.0</range>		
		<hasAoE>false</hasAoE>
		<power>2</power>
		<powerStatFactors>
			<PsychicSensitivity>1</PsychicSensitivity>
		</powerStatFactors>
		<targetingParameters>
		  <canTargetSelf>True</canTargetSelf>
		  <canTargetHumans>True</canTargetHumans>
		  <canTargetAnimals>True</canTargetAnimals>
		</targetingParameters>
		<modExtensions>
			<li Class="VanillaPsycastsExpanded.AbilityExtension_Psycast">
				<path>VPETH_PsyMass1</path>
				<level>2</level>
				<order>2</order>
				<psyfocusCost>0.14</psyfocusCost>
				<entropyGain>10</entropyGain>
				<prerequisites>
					<li>VPETH_CosmicBolt</li>
					<li>VPETH_PullPower</li>
					<li>VPETH_PushPower</li>
				</prerequisites>
			</li>
			<li Class="VEF.Abilities.AbilityExtension_Hediff">
				<hediff>CA_Fortitude</hediff>
				<durationMultiplier>PsychicSensitivity</durationMultiplier>
			</li>
		</modExtensions>
	</VEF.Abilities.AbilityDef>
	
	<VEF.Abilities.AbilityDef ParentName="VPE_PsycastBase">
		<defName>VPETH_DestroyPower</defName>
		<label>Annihilate Item</label>
		<description>The psychic, tapping into the cosmic energies within, disintegrates a target item, reducing it to mere atoms. This will destroy rocks, items however it will not destroy live pawns, animals, plants or mechs.</description>
		<iconPath>CustomIcons/gear_fire</iconPath>
		<abilityClass>VEF.Abilities.Ability_Blank</abilityClass>
		<distanceToTarget>1.5</distanceToTarget>
		<castTime>40</castTime>
		<durationTime>10</durationTime>
		<castFleck>PsycastAreaEffect</castFleck>
		<castSound>VPE_ReunionFarskim_Cast</castSound>
		<goodwillImpact>-10</goodwillImpact>
		<needsTicking>true</needsTicking>
		<range>12.0</range>
		<hasAoE>false</hasAoE>
		<power>3</power>
		<powerStatFactors>
		<PsychicSensitivity>1</PsychicSensitivity>
		</powerStatFactors>
		<showUndrafted>true</showUndrafted>
		<targetMode IsNull="True" />
		<targetCount>1</targetCount>
		<targetModes>
		  <li>Thing</li>
		</targetModes>
		<targetingParameters>
		  <canTargetItems>true</canTargetItems>
		  <mapObjectTargetsMustBeAutoAttackable>false</mapObjectTargetsMustBeAutoAttackable>
		  <thingCategory>Item</thingCategory>
		  <canTargetLocations>false</canTargetLocations>
		  <canTargetPawns>false</canTargetPawns>
		  <canTargetBuildings>false</canTargetBuildings>
		</targetingParameters>
		<modExtensions>
			<li Class="VanillaPsycastsExpanded.AbilityExtension_Psycast">
				<path>VPETH_PsyMass1</path>
				<level>3</level>
				<order>0</order>
				<psyfocusCost>0.02</psyfocusCost>
				<entropyGain>0</entropyGain>
				<prerequisites>
					<li>VPETH_DenseBuilding</li>
					<li>VPETH_LesserBurden</li>
					<li>VPETH_CosmicBarrier</li>
				</prerequisites>
			</li>
			<li Class="VEF.Abilities.AbilityExtension_EffecterOnTarget">
			<effecterDef>Skip_Exit</effecterDef>
			<maintainForTicks>60</maintainForTicks>
			</li>
			<li Class="PsyMass.AbilityExtension_DestroyObject"></li>
		</modExtensions>
	</VEF.Abilities.AbilityDef>
	
	<VEF.Abilities.AbilityDef ParentName="VPE_PsycastBase">
		<defName>VPETH_UpgradePower</defName>
		<label>Upgrade Item</label>
		<description>A skilled Cosmic Architect is capable of upgrading the tier of any weapon, piece of apparel or furniture by rearranging the molecular structure. This ability can upgrade furniture such as hospital beds as well as weapons and armour.</description>
		<iconPath>CustomIcons/gear_upgrade</iconPath>
		<abilityClass>VEF.Abilities.Ability_Blank</abilityClass>
		<distanceToTarget>1.5</distanceToTarget>
		<castTime>720</castTime>
		<durationTime>720</durationTime>
		<castFleck>PsycastAreaEffect</castFleck>
		<castSound>VPE_ReunionFarskim_Cast</castSound>
		<goodwillImpact>0</goodwillImpact>
		<needsTicking>true</needsTicking>
		<range>4.0</range>
		<hasAoE>false</hasAoE>
		<power>3</power>
		<powerStatFactors>
		<PsychicSensitivity>1</PsychicSensitivity>
		</powerStatFactors>
		<showUndrafted>true</showUndrafted>
		<targetMode IsNull="True" />
		<targetCount>1</targetCount>
		<targetModes>
		  <li>Thing</li>
		</targetModes>
		<targetingParameters>
		  <canTargetItems>true</canTargetItems>
		  <mapObjectTargetsMustBeAutoAttackable>false</mapObjectTargetsMustBeAutoAttackable>
		  <thingCategory>Item</thingCategory>
		  <canTargetLocations>false</canTargetLocations>
		  <canTargetPawns>false</canTargetPawns>
		  <canTargetBuildings>true</canTargetBuildings>
		</targetingParameters>
		<modExtensions>
			<li Class="VanillaPsycastsExpanded.AbilityExtension_Psycast">
				<path>VPETH_PsyMass1</path>
				<level>3</level>
				<order>1</order>
				<psyfocusCost>0.33</psyfocusCost>
				<entropyGain>18</entropyGain>
				<prerequisites>
					<li>VPETH_CosmicBarrier</li>
					<li>VPETH_DenseBuilding</li>
					<li>VPETH_LesserBurden</li>
				</prerequisites>
			</li>
			<li Class="VEF.Abilities.AbilityExtension_EffecterOnTarget">
			<effecterDef>Skip_Exit</effecterDef>
			<maintainForTicks>60</maintainForTicks>
			</li>
			<li Class="PsyMass.AbilityExtension_UpgradeObject"></li>
		</modExtensions>
	</VEF.Abilities.AbilityDef>
	
	<VEF.Abilities.AbilityDef ParentName="VPE_PsycastBase">
		<defName>VPETH_CosmicAffinity</defName>
		<label>Cosmic Affinity</label>
		<description>Increases the pawns affinity with cosmic energies, enhancing crafting abilities and general labour skills.</description>
		<iconPath>CustomIcons/gear_quantum</iconPath>
		<abilityClass>VEF.Abilities.Ability_Blank</abilityClass>
		<distanceToTarget>1.5</distanceToTarget>
		<castTime>300</castTime>
		<durationTime>36000</durationTime>
		<castSound>VPE_Bliss_Cast</castSound>
		<targetMode>Pawn</targetMode>
		<goodwillImpact>0</goodwillImpact>
		<needsTicking>true</needsTicking>
		<range>7.0</range>		
		<hasAoE>false</hasAoE>
		<power>3</power>
		<powerStatFactors>
			<PsychicSensitivity>1</PsychicSensitivity>
		</powerStatFactors>
		<targetingParameters>
		  <canTargetSelf>True</canTargetSelf>
		  <canTargetHumans>True</canTargetHumans>
		  <canTargetAnimals>False</canTargetAnimals>
		</targetingParameters>
		<modExtensions>
			<li Class="VanillaPsycastsExpanded.AbilityExtension_Psycast">
				<path>VPETH_PsyMass1</path>
				<level>3</level>
				<order>2</order>
				<psyfocusCost>0.40</psyfocusCost>
				<entropyGain>30</entropyGain>
				<prerequisites>
					<li>VPETH_CosmicBarrier</li>
					<li>VPETH_DenseBuilding</li>
					<li>VPETH_LesserBurden</li>
				</prerequisites>
			</li>
			<li Class="VEF.Abilities.AbilityExtension_Hediff">
				<hediff>CA_CosmicAffinity</hediff>
				<durationMultiplier>PsychicSensitivity</durationMultiplier>
			</li>
		</modExtensions>
	</VEF.Abilities.AbilityDef>
	
	<VEF.Abilities.AbilityDef ParentName="VPE_PsycastBase">
		<defName>VPETH_DupePower</defName>
		<label>Duplicate Item</label>
		<description>A Cosmic Architect can duplicate the very items and materials around them. However duplicating items will never replicate the initial quality.</description>
		<iconPath>CustomIcons/gold_gear</iconPath>
		<abilityClass>VEF.Abilities.Ability_Blank</abilityClass>
		<distanceToTarget>1.5</distanceToTarget>
		<castTime>840</castTime>
		<durationTime>720</durationTime>
		<castFleck>PsycastAreaEffect</castFleck>
		<castSound>VPE_ReunionFarskim_Cast</castSound>
		<goodwillImpact>0</goodwillImpact>
		<needsTicking>true</needsTicking>
		<range>8.0</range>
		<hasAoE>false</hasAoE>
		<power>3</power>
		<powerStatFactors>
		<PsychicSensitivity>1</PsychicSensitivity>
		</powerStatFactors>
		<showUndrafted>true</showUndrafted>
		<targetMode IsNull="True" />
		<targetCount>2</targetCount>
		<targetModes>
		  <li>Thing</li>
		  <li>Location</li>
		</targetModes>
		<targetingParameters>
		  <canTargetItems>true</canTargetItems>
		  <mapObjectTargetsMustBeAutoAttackable>false</mapObjectTargetsMustBeAutoAttackable>
		  <thingCategory>Item</thingCategory>
		  <canTargetLocations>true</canTargetLocations>
		  <canTargetPawns>false</canTargetPawns>
		  <canTargetBuildings>false</canTargetBuildings>
		</targetingParameters>
		<targetingParametersList>
		  <li>
			<canTargetSelf>False</canTargetSelf>
			<canTargetHumans>False</canTargetHumans>
			<canTargetAnimals>False</canTargetAnimals>
			<canTargetMechs>False</canTargetMechs>
			<canTargetLocations>True</canTargetLocations> 
		  </li>
		</targetingParametersList>
		<modExtensions>
			<li Class="VanillaPsycastsExpanded.AbilityExtension_Psycast">
				<path>VPETH_PsyMass1</path>
				<level>4</level>
				<order>2</order>
				<psyfocusCost>0.38</psyfocusCost>
				<entropyGain>28</entropyGain>
				<prerequisites>
					<li>VPETH_DestroyPower</li>
					<li>VPETH_UpgradePower</li>
				</prerequisites>
			</li>
			<li Class="PsyMass.AbilityExtension_DupePower"></li>
			<li Class="VEF.Abilities.AbilityExtension_EffecterOnTarget">
			<effecterDef>Skip_Exit</effecterDef>
			<maintainForTicks>60</maintainForTicks>
			</li>

		</modExtensions>
	</VEF.Abilities.AbilityDef>

</Defs>